filename,cluster
tc2az9x7.pt,9
7tdmueel.pt,11
j9fit435.pt,7
0hos3gsw.pt,5
uhg0cwsk.pt,5
5ox97k47.pt,5
xecmxh0n.pt,6
59ersnyd.pt,0
x1hnq5r4.pt,4
lfps8ary.pt,11
gu4uury8.pt,10
3cvcspmn.pt,1
q0pau56z.pt,7
3ez6txig.pt,11
l79bmv5s.pt,1
tun5wqvi.pt,2
hqkt95rn.pt,12
iynznfv4.pt,0
df0cp2fo.pt,11
yuv8u2ge.pt,2
3wtoredg.pt,5
nl7csjzz.pt,0
d7yfoq09.pt,6
71gyf7hl.pt,8
nssnm8db.pt,11
84v5ac7g.pt,6
9vkxp70m.pt,13
64i83hgb.pt,14
jfrmu2h7.pt,0
4j01fjub.pt,1
14bgb35q.pt,9
89tvlvdl.pt,6
vkav0j7t.pt,7
vz3ze0vi.pt,14
klola8cx.pt,6
gy913rq2.pt,11
3i9oc3sy.pt,10
0tbvt9uv.pt,14
v9wqdnpz.pt,10
rbzju4fd.pt,12
40vu78t9.pt,6
owhib93o.pt,10
x9v9iidj.pt,0
lfzxa28q.pt,6
5zo9v2bl.pt,6
4wnoot1z.pt,13
nw2dznu0.pt,1
lgbjgav6.pt,10
ho342f4f.pt,7
xvd15wit.pt,7
bmnbhf7i.pt,8
qmfome6e.pt,12
jq3g12fj.pt,5
iz7j7hj5.pt,4
y7kh4dq7.pt,1
zelsx366.pt,1
qtgjud90.pt,4
xrel9dry.pt,4
w2lpuws4.pt,5
6nqwl5ps.pt,6
5078tfoe.pt,4
h9hf9790.pt,6
nkg1eai4.pt,7
9uf47zir.pt,6
67w3vf9n.pt,1
59upczr9.pt,1
mrfp42ra.pt,14
qdedtutt.pt,1
8516t6ko.pt,7
639fla21.pt,6
21qlwnhu.pt,8
5xsrkvzb.pt,5
qqe8mf6g.pt,7
5k9sxshv.pt,8
yoc1w3c0.pt,3
ao8pam69.pt,0
e27idseq.pt,6
exawuyrm.pt,6
imriwtud.pt,6
m1ambr1g.pt,10
pz2j33sw.pt,7
v94nrhhs.pt,0
y1ta39sh.pt,1
jg8tn8xp.pt,13
uvtd4vq2.pt,10
np2x2ang.pt,11
27dchqul.pt,9
7242pf4o.pt,4
h9fx4m7j.pt,4
tmuub8n3.pt,6
32j8qpka.pt,7
kfh47wzp.pt,2
npi9pg0h.pt,5
3gjsn8cp.pt,11
95w1p0xh.pt,11
t2c0ta3n.pt,10
tvae8702.pt,12
c9u8aviw.pt,0
gimfrkkj.pt,11
hgwbspg5.pt,0
e6d51xlu.pt,6
s0u3tt08.pt,5
ofowo4ix.pt,8
u6lbs24b.pt,4
kvc84v9k.pt,13
izq7htnp.pt,6
tjf8gmcw.pt,8
pmt4c98g.pt,6
v7cjmyyy.pt,12
jjw8o0bj.pt,6
a0dh556c.pt,10
vxofo3a8.pt,10
vd0g6ccq.pt,6
6nnyp8l7.pt,12
ky1wqx7j.pt,12
rrbbozqp.pt,7
f3qxsk5q.pt,11
w3n74g1k.pt,5
k8j53r38.pt,1
q276t146.pt,6
a5v0uwpz.pt,0
fpw7lpqa.pt,5
nrs6toxu.pt,0
ge92p8wh.pt,9
kf7yinyt.pt,6
smm1n5gn.pt,13
lv2zs9p5.pt,6
ivrw0p0r.pt,13
y34bozu5.pt,12
3iueu0y2.pt,9
sewjh68r.pt,5
h1bxxsqr.pt,8
4aavfawz.pt,10
can4v2rd.pt,6
z2hfxz88.pt,1
iiemb8g7.pt,1
rg7int3x.pt,6
dt4fw1pg.pt,7
fiilc730.pt,7
0h64tc78.pt,6
hqmmotgw.pt,12
yrzf5skh.pt,9
er4kfo34.pt,7
y5byc1x8.pt,2
gbf1665k.pt,1
soar6swm.pt,10
8wcocqgj.pt,6
1x0qbj0v.pt,12
hv9x1b2o.pt,5
nhx171fl.pt,6
01xiaw2o.pt,4
sumklp4v.pt,5
sivaxb3z.pt,5
iig2oeh8.pt,6
y1z71981.pt,5
ouf34vmx.pt,11
1u8phri1.pt,4
p7t655ga.pt,10
gtf3191r.pt,5
gmyoghq8.pt,5
400ar1r0.pt,1
55w25e5f.pt,10
uw0wxstl.pt,4
3v7b6jyj.pt,12
hv2huo8o.pt,6
y27dotxf.pt,4
det8dnmr.pt,1
hbzzmn1r.pt,0
30i9bnjn.pt,12
a7dwj9je.pt,13
5xz4nesm.pt,14
6x0335xa.pt,2
5h0xqgm5.pt,8
8xia434x.pt,1
py9mp11g.pt,6
ej6htql1.pt,4
bmkxjlus.pt,14
xkzi2doi.pt,12
60dpys0q.pt,9
kjnaimn3.pt,6
pyq9zgky.pt,13
vh299ql1.pt,5
k8fx2cy1.pt,11
a0ijah2d.pt,13
ams88kbi.pt,4
zh00bhbx.pt,12
wqjqiw0r.pt,2
7kclc3fv.pt,5
d429j5i2.pt,12
lpq062o0.pt,0
hdbxtdhl.pt,10
7br94pkb.pt,1
iq591zav.pt,5
wvkfbmsc.pt,2
aycfitce.pt,5
5lh6i6hh.pt,10
x13bv5ub.pt,7
j2k33due.pt,12
rjalppt3.pt,4
ic5t68sc.pt,7
bw6q55ru.pt,11
0kzcr6b2.pt,9
43h2cf13.pt,12
yxtqkd5j.pt,1
kysmnioq.pt,0
28us5rsx.pt,6
b4ohcn3g.pt,6
ri7g1bza.pt,11
zq25f4vp.pt,6
9lk44h12.pt,0
hn6lrbmq.pt,0
0fekn0no.pt,1
3lzc3gaq.pt,12
0oqnycte.pt,1
we5gn1k0.pt,8
3ex44oon.pt,0
iy8sh22v.pt,12
kyvu302f.pt,12
dcijmnpz.pt,7
mxjpxdc2.pt,0
ozvhltcf.pt,1
5flf5f8c.pt,4
j56hg58g.pt,1
3lftacc3.pt,0
sjz8nkau.pt,4
2pe9yyga.pt,7
wfkxcovh.pt,3
svpl45di.pt,13
osxa1lhc.pt,12
zdpmmu9s.pt,5
jhdjjvp0.pt,1
rekknxko.pt,6
bm0z7100.pt,10
yo55ipup.pt,10
naos6geg.pt,1
555ekq16.pt,12
h6alkfdj.pt,2
3a557zq7.pt,11
1s4rp0us.pt,5
5fj7oubh.pt,9
1mgtmlkf.pt,5
lqk6t5m3.pt,12
zim97uvy.pt,1
millr3c4.pt,4
id7cd21e.pt,5
14cwzt6y.pt,12
1nsnazv7.pt,6
uv1tn8bg.pt,6
xsaoxe66.pt,4
z6f8htxs.pt,7
b2p3h11u.pt,6
cr8e367s.pt,11
u2n32h61.pt,6
lsx1m3yk.pt,12
oqbgrbgm.pt,1
cjndg075.pt,12
m5gap4fc.pt,4
o6zrfjwo.pt,12
a5fm0ko7.pt,10
4n2kuhgy.pt,8
h3qpv0m5.pt,11
vigehq3m.pt,5
qz8wj6s7.pt,6
7c4bxlng.pt,6
frlxxfd7.pt,7
ddjkjibf.pt,12
bcw20q8y.pt,5
g8t6mjk4.pt,12
knqd1pkn.pt,0
o1apolnn.pt,12
f0yg5jui.pt,13
5kqlbswk.pt,8
3gd6vcti.pt,8
yyqpgiri.pt,4
3qq9wl4n.pt,7
it4fqkku.pt,13
aqjyt1gy.pt,2
l2jfclyu.pt,7
g2fuo5n7.pt,4
384817qp.pt,2
6z31xuov.pt,6
u5t69xcc.pt,12
bw15zvd9.pt,1
nbv4elik.pt,12
5ipv0z5e.pt,12
fqp5ju5t.pt,7
8smvjtuh.pt,4
zbqkriue.pt,2
j7xs6x8l.pt,12
kpd80eml.pt,10
0aszooyd.pt,10
bpvtryqb.pt,9
7sf7ic2m.pt,12
joe2wbcw.pt,0
ptlpdr8f.pt,12
vow9dgne.pt,10
2xbxwwwp.pt,6
2b4jq69u.pt,7
430nrpy2.pt,12
xyq8ug9y.pt,6
a77cnura.pt,4
syhoczic.pt,5
vvj1k5yw.pt,1
fv1ygs22.pt,1
apgfdc9a.pt,14
d8hcnlee.pt,4
jz62vjag.pt,12
dgwmsj0e.pt,0
4npzkslb.pt,10
521or0bq.pt,10
abizyybe.pt,6
xkaiiwxn.pt,7
59w79gwj.pt,13
azlbxo2l.pt,13
82mo4dng.pt,1
i8nmk6k2.pt,4
7ho7t3m3.pt,5
1ko78pzf.pt,11
dnds2n7v.pt,6
xy0vgkhu.pt,1
jnnvj8hv.pt,2
npaen6x4.pt,1
krje01xf.pt,6
9ijpe6o6.pt,1
es47hozm.pt,4
4f3w1s97.pt,12
23jsv0k6.pt,2
cmr585ur.pt,14
w3je06nt.pt,5
j197resp.pt,4
0tya6qkz.pt,12
virm35hj.pt,13
if5ew99f.pt,1
a0add9ie.pt,6
zjiqbwlt.pt,13
rowtczf4.pt,12
17jlq0xl.pt,11
xer73sr1.pt,6
dfr8xagi.pt,14
hw139w4u.pt,1
pw37bb9r.pt,4
n63nu1yn.pt,1
a1b8vtbj.pt,12
em6cph50.pt,0
yqnyaiu3.pt,1
kpoyxkbk.pt,1
vnziis1v.pt,11
w3othdc7.pt,13
7j76ycm2.pt,6
kpxz6eie.pt,0
2zb43mgi.pt,7
jaeglvbq.pt,8
5mw8unrv.pt,7
t97uv52t.pt,1
dw5swdqc.pt,4
9g93rve2.pt,12
mv4556e6.pt,10
prme5n4m.pt,12
xgo8uhb8.pt,6
mww9paxg.pt,12
h0wvtfa3.pt,0
q2ltee7w.pt,12
kba4xpf3.pt,8
t3dyejvq.pt,14
0woxgzan.pt,13
d0eflw2j.pt,9
wsfepxfo.pt,5
avtzhvqd.pt,12
uilykgl8.pt,2
hem73wp8.pt,10
wldds47y.pt,11
z71txy0k.pt,14
cdzqfvrs.pt,4
xw7tn5s9.pt,6
4ttkprtj.pt,13
6ugat4mt.pt,6
czls1kx1.pt,1
xdxla6bs.pt,12
ltdvqoio.pt,5
awoi1ypn.pt,5
a4eyy9yc.pt,2
osqby8di.pt,9
xk83gm90.pt,5
2xvz9t3c.pt,12
k9wp428m.pt,4
hgzo5xpc.pt,6
u95cd2yn.pt,0
2o7npgu8.pt,0
h9q9jo8n.pt,1
3j9j64xz.pt,5
gw4nwdcv.pt,6
xj6f3z4z.pt,10
yrrr0vg8.pt,7
y0syiirx.pt,11
xo62bem8.pt,5
ggz3zc7v.pt,2
rbmq3hi9.pt,1
bgyoxw2s.pt,1
y7wzy1k2.pt,0
xdghaxn8.pt,4
gcep6nzu.pt,5
iarwbbcu.pt,5
oc0y8nmt.pt,6
h4yp9bq4.pt,0
xmp8qmhs.pt,6
imrcn9xe.pt,12
32jjklne.pt,8
ut4e2q3i.pt,6
av26xeu1.pt,4
7j55upxc.pt,5
bh7vf2qu.pt,12
9bmchdm4.pt,6
t05ckihn.pt,11
4zinytpq.pt,1
mlbdb7ae.pt,8
sru1acuf.pt,14
dtvx0016.pt,6
292w9a4t.pt,12
jsf7ncw2.pt,13
qlxn9nyk.pt,6
lhs7dxp7.pt,6
buygfq60.pt,1
xdhpty65.pt,5
3rrvakvu.pt,6
nwiqqtmd.pt,13
1vppg0tg.pt,7
gthdjcnu.pt,6
w4vkn1au.pt,13
mkw4q5o2.pt,4
wuygl758.pt,11
89yxqmso.pt,6
32duztdq.pt,11
dkasgfll.pt,0
rrtvm3np.pt,14
8d5w1xlt.pt,1
lobtxzjs.pt,6
niutgkd8.pt,8
uv6emrsm.pt,6
uoaqqs52.pt,12
43evxbzq.pt,1
z33efn54.pt,1
44vnt2i5.pt,8
swbqb822.pt,12
j6j75jhh.pt,6
y60867sl.pt,0
0in0d4uk.pt,0
4mgj1y93.pt,12
yxqd083t.pt,4
t7xinbd3.pt,9
r46u0xbg.pt,0
8jt9zia4.pt,6
5s6fkdh4.pt,10
osbegq74.pt,1
q9zcltre.pt,4
r2r3n8ko.pt,2
rkdmwpwk.pt,7
26ud9n8c.pt,9
nxhcrryf.pt,10
y31x2uae.pt,5
ieh0nz05.pt,12
t8n20hjp.pt,0
13r5z6zc.pt,10
i078az2z.pt,13
vmd132fo.pt,10
3j5mzxc0.pt,1
wetzzxtl.pt,13
efj5tht7.pt,0
3r52nsg1.pt,9
wyytiikk.pt,4
muxbb8gt.pt,0
z13lejbo.pt,10
olcl9c51.pt,0
b4fhrr8s.pt,6
cevzm4ax.pt,12
mcfbs1za.pt,6
an7j2dxh.pt,6
qa0vsqpi.pt,13
meruxca1.pt,11
9e783g7v.pt,6
cmfmvvn0.pt,6
umw1eu1m.pt,9
bhe5z9rj.pt,2
68zcj2ny.pt,12
cqwykjjy.pt,1
k2zd0f6s.pt,10
favppx45.pt,13
wnfdms0x.pt,13
snnar898.pt,1
qwq0ac04.pt,9
tjd4geex.pt,12
qcvg1e91.pt,13
i24eul00.pt,1
vzmb0qlj.pt,14
zy5kt5up.pt,12
ciqx06py.pt,6
okismolo.pt,9
5xshosep.pt,12
dwubg3tt.pt,5
qxfp3n8n.pt,6
0drhiyn0.pt,1
xveowb6t.pt,1
ejx9z1gg.pt,0
aj6hucqy.pt,0
ifdfmth8.pt,6
2q91xpie.pt,0
q01ywbyz.pt,12
q9xsayet.pt,6
szngg04l.pt,8
2de81vwn.pt,6
2kv9vfpb.pt,5
33mrorqz.pt,5
a6sqh928.pt,6
3xvmh3ys.pt,5
rntmjlxn.pt,14
mk009wrh.pt,6
zo41om5h.pt,14
nbalgukx.pt,1
2flhl306.pt,8
2tbh5wr4.pt,0
ng3hjgi5.pt,5
74zrxpe3.pt,0
iwaup6yb.pt,7
uqhz2rxh.pt,0
7m4rjss9.pt,7
qwayuhk0.pt,6
gkvw0rli.pt,7
iif3snxm.pt,11
ttkya806.pt,5
459l8t4w.pt,0
cnv56430.pt,7
b31122ig.pt,6
g4em0t5c.pt,2
n92clk0l.pt,12
q4yi8wsx.pt,1
0bty378h.pt,5
5jv45oqr.pt,8
15oooy28.pt,11
gccg5fff.pt,12
5t1mv22r.pt,6
yyy6x606.pt,12
g83daxod.pt,14
579dur6v.pt,1
on8y2got.pt,5
1fhuacsi.pt,8
izbot0qg.pt,10
qbwpss8v.pt,14
0vktzl3y.pt,2
hkgutj24.pt,1
fnsgu9a6.pt,12
vnz88glk.pt,7
30yx2vua.pt,9
xf0a2jxo.pt,10
b878fqdb.pt,8
2suhbexx.pt,2
je8199w4.pt,7
rj1j8e0h.pt,12
1moqml8e.pt,7
t0ail736.pt,12
n3c1tc2c.pt,14
db2ysw6y.pt,14
2x8tn66i.pt,9
vb3mltjt.pt,0
3xpe4p8x.pt,6
vd3d1tyx.pt,1
qbkjl8bz.pt,5
32nqnlp5.pt,14
s4rgmxje.pt,7
xol7ekoa.pt,1
y6sl0pdv.pt,5
qx62o6c3.pt,6
o4o4cgca.pt,1
dsf1ogvu.pt,6
l48gvowp.pt,0
5mr0vp6w.pt,1
cudnf218.pt,6
lbie0szb.pt,5
gdv64pzi.pt,7
28ljec7g.pt,5
2ygjtkab.pt,7
zhupebyk.pt,0
aomhgr0r.pt,11
je76rn7m.pt,6
oekmxu85.pt,12
8i279kna.pt,6
mgmf4nm7.pt,12
9grtg8gp.pt,7
1no3vp1v.pt,1
350fr35v.pt,14
zb3pbj96.pt,6
a4km8bsb.pt,7
qwd65wwv.pt,2
zdxtmo46.pt,1
yi6mt2n3.pt,6
28414nkz.pt,9
8hv2bjzk.pt,5
jv6iod6u.pt,11
4y0pb9me.pt,12
22jfyoso.pt,10
3enpchzv.pt,6
mn7vscc5.pt,0
0c6kzddo.pt,6
1bb1w78u.pt,12
ahdb839d.pt,10
hmy2hflr.pt,12
x89eqx7z.pt,6
kgi4xrak.pt,6
d8n4ug1o.pt,13
46fwvb8z.pt,10
prg211zn.pt,6
m2tcppsz.pt,10
d1hj8c16.pt,14
riak00oi.pt,4
tdg6p5nr.pt,4
kepl42f4.pt,7
ob27fby9.pt,13
qkuy8crq.pt,1
oyfrlovs.pt,4
n184fepn.pt,7
qpzk60l3.pt,10
nnkr8ak0.pt,13
9uj8ccq9.pt,10
e7xwhuil.pt,12
klnzhjhp.pt,14
xtjzi51g.pt,6
920juejl.pt,11
yawrpgyw.pt,8
upvmf0x1.pt,1
88htyjsn.pt,12
9nyupny5.pt,1
ul9zkvkz.pt,6
vccopnhm.pt,6
gjnghwob.pt,10
kmg5srj7.pt,8
41fpq2ik.pt,4
n9444z66.pt,0
t746bnic.pt,5
9hjtj9of.pt,7
1qoidiav.pt,9
bkbd5sqs.pt,7
ac2n7nul.pt,13
qc40v1j2.pt,4
791vo9cp.pt,11
i6jxephf.pt,10
trq53d03.pt,12
wi09b7qp.pt,13
e28ktedi.pt,6
2dav30k3.pt,8
e4u7x62g.pt,7
thbj181a.pt,12
fhdzqcb5.pt,1
ly9wjdev.pt,10
p5os8kag.pt,0
66ybmgf0.pt,13
0ehebb4o.pt,0
8rksxon2.pt,13
wdhz2g39.pt,10
hm8d8t13.pt,6
yre03pbb.pt,6
vlbdw1os.pt,5
xcz9tt5v.pt,13
o088fynb.pt,6
fhhpvjsq.pt,6
12hmtxnn.pt,12
h623k3vc.pt,5
0fv8tw1c.pt,4
21kqfltd.pt,11
z7z6ihlg.pt,7
s8qbzy79.pt,11
ninrsyky.pt,2
6aml4q9x.pt,7
6hoo4rbq.pt,11
cw7lw3bm.pt,1
z7zwiruf.pt,12
4qkbjpfn.pt,0
bmaulqev.pt,4
gx2g53f9.pt,0
zpml4z7b.pt,7
fa7iamdc.pt,12
9yqq6aya.pt,11
zuxkt7a5.pt,5
8kgfcd64.pt,0
q37kni13.pt,6
iqj9p14x.pt,4
svn6wgul.pt,12
i19bkikg.pt,13
rwgxcl6g.pt,9
nc5m9ckx.pt,12
bigs9g4s.pt,5
5l7235jc.pt,6
wq1348il.pt,4
xqm8i84x.pt,12
h1iy2ffe.pt,1
hwc51zle.pt,14
ljd9pg0m.pt,6
ajmv84up.pt,5
op7c86mt.pt,7
fsftnvqa.pt,1
yhq5gxys.pt,4
pbbvxnyc.pt,4
5zwwyb2v.pt,12
3cyvi8sc.pt,4
y98jqk32.pt,12
mfbodwgr.pt,6
bbuss3ov.pt,2
7y3h90a7.pt,7
lbqdex1l.pt,10
kf8ogi9d.pt,14
fsb1umz5.pt,12
bph4az76.pt,14
pmve4zep.pt,2
fdh51dp9.pt,2
cs0hrak1.pt,12
r4oq8sfq.pt,2
mjcktaoq.pt,6
f7xifehq.pt,11
n239i42a.pt,9
xn9zbndx.pt,7
nwkykou6.pt,4
vwtp2f9b.pt,7
k959ydoz.pt,1
dx16zbbp.pt,14
uw5wc6je.pt,10
jqc2sxhs.pt,13
qzlui2de.pt,12
agnr8hr7.pt,6
doamsbfe.pt,7
lt44utam.pt,6
1b8hzlmd.pt,14
xpl30psd.pt,6
4g6m0zcz.pt,12
vasfxuc7.pt,6
dvrwx55e.pt,6
v3rettlu.pt,10
f6fhkw0f.pt,11
niqw4oe0.pt,6
nu8bl5ou.pt,1
ca5tkpc5.pt,8
8vssv1uy.pt,12
db8qe1cf.pt,5
ammej6y9.pt,7
2xwmpf9y.pt,7
3ps18ysm.pt,4
ujtv13je.pt,5
rv2n43bz.pt,5
b8gpdofi.pt,11
w3rspmz4.pt,12
0btudsvf.pt,6
22qd6b2n.pt,1
88stc1zh.pt,1
i112czyp.pt,1
wjhzfp8w.pt,6
s238zg65.pt,7
crydloxp.pt,8
4mkndrk8.pt,4
5h70tds4.pt,8
o87kjobx.pt,10
q2gc3ibl.pt,12
ou2ml6z5.pt,13
t4fx2cgc.pt,6
c4mr4sor.pt,11
d0rse09d.pt,7
jslub3lf.pt,10
tajx3ae9.pt,12
qchktz8k.pt,13
wqlgbirg.pt,5
mqsmlv49.pt,4
fgz4ccqs.pt,5
r7hhfx5a.pt,12
c73wctkj.pt,0
asjqqzw6.pt,0
o7j9zkn4.pt,6
4wem0pfu.pt,0
zyqv0h0x.pt,10
w3i1omr9.pt,6
8wm1objo.pt,0
ddnqblus.pt,2
630r6mh0.pt,1
vjf44g6t.pt,1
uvqnhver.pt,12
rrw25os4.pt,6
zub2zlxt.pt,0
6prghz46.pt,6
lugbytrt.pt,14
3n1yrjpn.pt,12
q5b5ut5u.pt,6
zwbawr0e.pt,13
09enmc54.pt,6
qgwupix8.pt,12
o2h26i5z.pt,1
j1c4h7ap.pt,6
95yvnw65.pt,6
us52xyr9.pt,6
w4tuq4q0.pt,6
cou0w0m1.pt,6
1dr6q17e.pt,12
m40nq2dj.pt,11
a8ad2lmj.pt,12
wu3uryxj.pt,4
09em27n0.pt,1
eoosmhzq.pt,13
f1y5izcp.pt,6
gueijage.pt,13
hqcl0alc.pt,0
28gdl8a1.pt,14
89vjp13j.pt,0
4f8v0art.pt,0
qmdb3lz3.pt,5
qdvtolvu.pt,1
pzv49qdk.pt,7
f90qxovy.pt,4
rb25to95.pt,0
duwiepma.pt,12
w6ppsr4i.pt,12
949lqn0j.pt,4
72px0vcx.pt,7
j00y19rx.pt,13
movx95gg.pt,10
evb7neq5.pt,1
boxm2hf0.pt,6
ng5741ww.pt,12
uxozu40l.pt,0
m7wo91ag.pt,12
dt6e85sx.pt,8
kzc145ra.pt,7
r90wh4b6.pt,6
pv52p3bn.pt,4
dfcwx16v.pt,12
xlfbacks.pt,5
lk8qoyzo.pt,6
0mn1b3od.pt,11
bsgmz2hd.pt,4
unwa9iyl.pt,14
0bw5ai4n.pt,1
ytig5m2i.pt,13
dk72zlw8.pt,10
cpihotln.pt,5
i8q1ax63.pt,9
7h10up9m.pt,6
pjxql9hs.pt,12
061jgn5z.pt,6
oss2hyml.pt,0
ax4obmt1.pt,2
p7tkr86v.pt,8
lr1nqpkc.pt,8
rb8iacjs.pt,2
kli9txmj.pt,6
3pcm4qfp.pt,0
u2oveafm.pt,6
ojsjqqyw.pt,7
yihc75qa.pt,6
toett4dc.pt,10
o796wncm.pt,11
9saikwad.pt,2
e7fiz6wn.pt,14
8l8hm1ac.pt,8
ksssw1p1.pt,5
oahe10gr.pt,11
grsro6vg.pt,7
cyvv3jx8.pt,8
mp4uyhc6.pt,4
gp3yu1og.pt,14
cta979a8.pt,11
9ubpumjk.pt,1
ilv1c3l8.pt,10
uifoftjp.pt,2
3ro8vth2.pt,1
xoxpa1ur.pt,6
sipp5jyl.pt,6
s2q789w9.pt,0
sulpqe2o.pt,4
oi066kzm.pt,6
q4bpjatn.pt,0
y1cz80qh.pt,11
k7ch1eoc.pt,10
d9k0rdfy.pt,7
to5ie0rx.pt,6
6amlg5cw.pt,2
adc1gg9w.pt,13
fv5cgg8z.pt,7
pmhli4o7.pt,6
s9avlsqt.pt,1
atpjaqr4.pt,7
3sgkkh7q.pt,5
i639e498.pt,0
dt37oysg.pt,6
pvbza56x.pt,4
gfm7xuw0.pt,6
4intbm6h.pt,12
mp9q9rvt.pt,4
6d7fjlo2.pt,6
n8qnc15y.pt,0
n56ibiu9.pt,1
gkh07xxb.pt,1
u4omzvwa.pt,13
666pgtmy.pt,12
f8c3n1pu.pt,7
37x9h4w3.pt,4
ut1as88z.pt,6
u37unkfu.pt,8
5p93s890.pt,0
550v6xbq.pt,10
7l5df7wv.pt,1
lsgl54y4.pt,4
s40bmzu3.pt,14
wjmoe9zj.pt,0
dm5w8f34.pt,6
qtl8lbkq.pt,5
eotsri67.pt,12
69g8u4y6.pt,12
ur31jtsb.pt,10
pghcelbz.pt,1
b0gln4y7.pt,11
4r283aog.pt,0
85fjyzee.pt,12
s8lfxhdz.pt,12
xquxr92j.pt,12
saq76lyk.pt,4
bmpnlzct.pt,5
w5rzldyv.pt,13
jrgq0pos.pt,6
3ucb59u4.pt,0
d9i7klea.pt,11
af4yh24f.pt,6
8dvloab0.pt,13
m6yg8nmy.pt,4
sp4yh3to.pt,5
r8l7ovmq.pt,6
5v258z2t.pt,9
zt8wc1r9.pt,0
vd23i6pt.pt,5
5bvz7bct.pt,6
me8xf0dp.pt,6
9461npap.pt,4
kfcjs7dk.pt,0
ky7av4zu.pt,9
iqyesh0v.pt,5
c5k3f2nm.pt,10
u6hnwemo.pt,7
c792yosw.pt,6
voccj6z8.pt,4
so9fjzbp.pt,14
dmoh66wh.pt,7
w7ympys1.pt,9
dbst70jd.pt,4
615frdcn.pt,13
a0ek9zd4.pt,6
04bcs2eh.pt,12
dqcfp7s8.pt,9
lsyk59bn.pt,5
4merek0p.pt,0
xr8sdl5z.pt,0
ku61b7pu.pt,0
ag11fem1.pt,4
bjq1a0kl.pt,11
3qiu82l2.pt,12
zavaho0u.pt,6
x2kkacl7.pt,12
ywxc1lmy.pt,12
rz61e7x5.pt,12
xlfch7dz.pt,0
mogyd81a.pt,0
io328kh6.pt,0
grhp2y8p.pt,7
l315efqi.pt,7
7boz9dr5.pt,12
tdbjkb60.pt,10
oz4mw4th.pt,4
u2vpl3ji.pt,0
v59gmn6j.pt,4
synrvard.pt,11
ygifptul.pt,6
2qdm21ue.pt,0
79zb6fr8.pt,6
wyvyqv67.pt,0
fm7v1f71.pt,10
p0l8snhb.pt,12
khzs4cp9.pt,2
kir52hnt.pt,8
i03g7vo7.pt,1
3t8kr5vl.pt,14
bgni3gti.pt,6
8gkadpgo.pt,8
3uqdcci8.pt,12
kwodg1zz.pt,6
kf1hf96l.pt,10
kk7f10hv.pt,14
mpvniszq.pt,7
cqh9sydc.pt,1
08k6qtny.pt,0
amfe6pay.pt,4
xcelnq2o.pt,6
btiqyp97.pt,8
iqji2mxp.pt,4
whj4juzm.pt,12
8255n317.pt,8
d9z08q4b.pt,12
c1u10zjv.pt,5
tqta9n62.pt,9
dinfusue.pt,5
glkp2mcv.pt,7
8jit161o.pt,14
dz6n3lgx.pt,14
r4awru8q.pt,8
g7r64473.pt,4
hacfhsko.pt,8
9eiibdx8.pt,2
goq5cm69.pt,11
g11t1xm8.pt,8
s5cq0qmj.pt,12
k9o35rfb.pt,12
n61gktpx.pt,12
hfe10o6n.pt,6
h6cnzk9r.pt,4
8rdih56k.pt,6
7pdgi348.pt,5
ag2r0ttu.pt,12
1fvhngyd.pt,12
tljj5sbh.pt,7
rxjs4al0.pt,6
9jbh7cz8.pt,13
i6un0pqv.pt,1
xiuc75a7.pt,0
6emmowd2.pt,10
nbksi7ih.pt,12
vq8pn8gk.pt,5
s27oi2mh.pt,5
982jv8su.pt,0
b6doic94.pt,12
xusf62al.pt,1
t9d8gf0n.pt,12
dhwvykee.pt,14
da273dqk.pt,6
xdy6vcbm.pt,6
ept4e3vo.pt,0
8ygie4g6.pt,0
rvwohrf2.pt,0
5e70qiv2.pt,2
sco4peza.pt,12
dd9v5du2.pt,9
4cn3rg8y.pt,6
2zmky4j2.pt,12
91kqx0om.pt,7
slc4u8la.pt,7
1mnrmbiu.pt,12
wkrwhjxx.pt,14
qd6nbjjl.pt,12
8g38gghw.pt,0
561t75im.pt,4
of1o0fdw.pt,4
9uypj17f.pt,5
iza3rq1q.pt,7
vsgejwhk.pt,10
bc9cyn9z.pt,5
w8ljcl7n.pt,14
qpx99wnl.pt,11
6bcveg62.pt,1
vk4r5acr.pt,12
kzu23dia.pt,12
4f29h580.pt,7
1o5u1p1i.pt,11
m1z62wsp.pt,1
5i4nvns8.pt,6
g6440my7.pt,6
qlozmk1j.pt,1
jc7t7a7c.pt,12
p3mqwcwq.pt,8
gg3tcp8m.pt,12
6s06bsvt.pt,1
zu420u4l.pt,6
o3l81xor.pt,12
fknthior.pt,1
mcfscyiq.pt,11
nfak38pt.pt,6
ub1bbnqx.pt,1
zn40m7ia.pt,2
lpf4etds.pt,7
rx9ph65r.pt,11
ofz1pfme.pt,1
l2vgnj4j.pt,3
55foies0.pt,7
1wy16oc1.pt,12
77h3kgxm.pt,11
cy0kntxe.pt,12
shmvhf3v.pt,6
dzfxte3j.pt,6
uffs6jbk.pt,1
f5dn6ryu.pt,1
39xzoqg9.pt,10
8r7gfqxj.pt,12
qlaz1ef5.pt,9
015us06k.pt,13
n8qjlrcx.pt,1
auozejkw.pt,1
qswqv8mh.pt,11
ozgaoy18.pt,12
3epfliak.pt,1
0mac7ybx.pt,4
omovx97w.pt,4
xpum2r5o.pt,5
dhk452rv.pt,0
11j3bh5i.pt,6
qzq1rn0a.pt,0
0xdf1bdy.pt,5
5aai1x6r.pt,6
5l832fh6.pt,10
orqgs0ts.pt,6
4xyjaz1x.pt,11
l9i5u0s8.pt,13
860q9txq.pt,10
eopzcsff.pt,8
tka6uruh.pt,5
r6otp8d1.pt,4
61oaf9c3.pt,1
upmj35hd.pt,12
71kc7cuf.pt,12
xipzovob.pt,7
qkm7pq4s.pt,0
ts8cmr1t.pt,1
zhxxibba.pt,6
jwogpcrk.pt,12
hi2c4fvw.pt,8
gqah707m.pt,7
nyzkw53v.pt,6
g9y15cgm.pt,1
smhdgpft.pt,7
ba7dvi95.pt,5
rdh8m6t4.pt,9
t3f7tzln.pt,8
rirqshm3.pt,1
or866waj.pt,7
lhbd2vha.pt,5
0ev2cr1a.pt,14
o62yrfxq.pt,6
d6qu55n9.pt,6
wxerhk47.pt,1
zxzz1kun.pt,10
717eof79.pt,12
a5dss9bw.pt,14
f2yanw08.pt,9
z461giky.pt,6
dob6elij.pt,1
0rx0jyyx.pt,5
idtu5550.pt,4
8m0zb76z.pt,4
szsa5r7x.pt,5
9d3ningi.pt,6
k8gk6uha.pt,9
muzn5x5n.pt,14
xfa9dq4n.pt,1
wk36wa4c.pt,1
3uo4qcc4.pt,6
gdeu5ed5.pt,4
sw4yj2cn.pt,5
pw2mj375.pt,4
n3h6a9d9.pt,11
tw43sox3.pt,0
dtx9o0xo.pt,1
wlmflvk1.pt,0
cini5f9q.pt,1
1f7cpozz.pt,6
54o47dq7.pt,1
vkrhahox.pt,1
4pzgn349.pt,7
po40l6g9.pt,6
xyj15a65.pt,6
qbcknnzo.pt,12
wj6jg7np.pt,6
nxsm04q2.pt,5
yth04vr4.pt,9
b5umz39y.pt,10
pxkny8pt.pt,8
hcwzhrsh.pt,6
qr4npp8e.pt,12
sbpft946.pt,1
3hxzu3wl.pt,7
53b8mgzo.pt,12
uv44i4cf.pt,10
nj1rg7b8.pt,1
jhs39edr.pt,0
pzal7nle.pt,1
sg1k2egu.pt,4
jmbnk7w7.pt,7
eilq0sbn.pt,5
zzz81rkk.pt,11
k6cwzdvs.pt,5
eswr2dgq.pt,12
c62t0gi3.pt,10
1o4hd16u.pt,12
h2vaax38.pt,12
qg0egm4w.pt,6
gkds9zvz.pt,4
lh6mfnkh.pt,12
mpwhpgnr.pt,13
hctljau5.pt,7
3go20x1l.pt,13
med46ei4.pt,5
r6xpxsd1.pt,13
m9kdvu0y.pt,5
fjpu5y10.pt,13
0fm7sm6j.pt,7
jo60rne1.pt,0
rmpc4sf0.pt,12
404fyvlv.pt,1
ybs22di4.pt,1
nyajzibe.pt,12
1nd18ear.pt,6
63i0jajd.pt,0
e4w5x8w4.pt,6
fufpoxmi.pt,12
5863z6ea.pt,7
v7miqn2a.pt,1
5o56yoso.pt,13
1cfeq1r7.pt,13
acsc3bo7.pt,9
7hasr1da.pt,4
i0d9sa6m.pt,12
s79ou7oj.pt,12
je67zo31.pt,7
5ed323nf.pt,14
rdv1vv0y.pt,12
i7sizb2b.pt,13
mq51mree.pt,0
n1emjo9f.pt,13
s7dbi4cp.pt,13
uhk9rf6k.pt,6
bvruh9cs.pt,6
vc9ntd84.pt,4
vjd7j0c1.pt,14
6l6umf1k.pt,8
zomxrk31.pt,11
ivliptvu.pt,6
hiiftf9z.pt,5
6ekn6vv2.pt,6
ge0ib7ag.pt,12
270ow8j2.pt,10
xqlp1lb1.pt,7
lq8kqpov.pt,12
zoilw25t.pt,6
chzpjk9q.pt,13
1hcyiti9.pt,1
fndruncr.pt,5
1m7nuqdl.pt,12
nzif7ja5.pt,14
a8f0t2if.pt,12
m3udxv59.pt,11
zgt3j6g2.pt,13
o6d4xctj.pt,0
fc8mdsm9.pt,12
my5zj384.pt,0
6ixehlwf.pt,6
c7dzql2m.pt,7
x4jntwpm.pt,0
gt4iyifr.pt,0
8v30kdi3.pt,6
2ohlbshp.pt,1
tsfayvs5.pt,2
m3ribx1s.pt,13
g7erhaqp.pt,5
vv30sklf.pt,4
e9w4ygt8.pt,13
6djk0hqv.pt,4
gw67d6s6.pt,12
o36xz8js.pt,1
d2fyvgrw.pt,5
mm1eh9ic.pt,11
t2u4r3dx.pt,1
t8gvn53j.pt,9
d3egt30w.pt,13
ok3ypnn8.pt,4
2fqtv5xx.pt,10
84lmgrtc.pt,7
eqigc3e0.pt,6
oivp6l0o.pt,1
1cvl71hs.pt,1
4lumiiuy.pt,1
32b653po.pt,0
idigsqcz.pt,12
rzqx5tjd.pt,12
dbub2ur3.pt,10
geqqq751.pt,1
80ns8njc.pt,9
g8rhg5rm.pt,9
zvusyzr3.pt,6
7bp5ccw5.pt,12
s4hdneap.pt,6
g7mh9adt.pt,11
j5er7l3b.pt,6
mjiavaru.pt,12
o5uj5ud4.pt,12
da3wzteh.pt,1
14c1sh7x.pt,9
0ezpc8jf.pt,14
b7oxlfab.pt,13
ho2ok4xx.pt,4
n5o8hrsy.pt,8
fya5ngrc.pt,0
09jtzksm.pt,12
g440tcfb.pt,6
sh1wl4lq.pt,6
0iv7uac3.pt,6
r36m2dui.pt,5
n04pzc2e.pt,14
oqvcdvi7.pt,0
jbsgphgt.pt,8
ymxdri4q.pt,0
v82iighc.pt,6
mdfzi9qd.pt,7
v5pc5457.pt,1
94xb47ng.pt,7
orabxr6p.pt,12
v0yfh59n.pt,6
8lgbxz42.pt,13
lmc484zv.pt,1
sgs3wkkr.pt,11
nbkdu02r.pt,0
q3yg449v.pt,8
munmwu1t.pt,0
knzb4tkh.pt,1
ynnjmxhh.pt,1
ns2fj1jx.pt,11
5p4lyeol.pt,13
ze1i9ooh.pt,4
xat7lq1g.pt,8
qpsgys33.pt,12
qbvp85us.pt,1
gisylh42.pt,1
km3mavia.pt,9
7uep6eqd.pt,7
jty4lfq7.pt,8
whzsbtg3.pt,4
8j9o1plb.pt,10
frdsw0g2.pt,12
als6hhsx.pt,14
71buua4p.pt,8
q90jgaiy.pt,6
9j3hmk39.pt,6
j4ye1iwe.pt,12
lrhcl3nq.pt,12
fyy236ep.pt,0
om7queij.pt,12
uoxvs0iz.pt,6
584x6qgc.pt,6
kuoyqjp8.pt,13
x5z4flkm.pt,13
6092w76r.pt,12
lz3vdop1.pt,13
rs5ijwjq.pt,0
ff0q3y73.pt,3
99esf2tt.pt,7
bp48fsac.pt,12
9urjle8k.pt,1
3ew80rki.pt,6
m444bxve.pt,6
iw8b7k66.pt,9
1jshbtmk.pt,14
i2gb0t13.pt,6
ka4umrf1.pt,5
racdup7x.pt,13
wq6zu7u0.pt,6
128k9adx.pt,12
wbx8ahb4.pt,1
lgsgkgc8.pt,12
9f3o1pg8.pt,6
c1ytdw5a.pt,1
cgp94v06.pt,7
3gbdzqd0.pt,7
edz8i3wn.pt,10
r2gyqjwc.pt,14
71gymgil.pt,6
nvdbv7v5.pt,9
mwfujtf7.pt,10
pmp1j40w.pt,0
c3x79jzp.pt,4
jpalnulv.pt,8
7kg0onll.pt,12
m018zf5k.pt,6
8mgcphhr.pt,6
ot4xfjuh.pt,12
9wk1wggl.pt,14
f2v86dq7.pt,4
1k4njoa0.pt,10
fv6dv1b2.pt,8
svgvtyml.pt,5
f8n5dits.pt,5
pwra34w0.pt,6
u5mzleiv.pt,12
6udptpgd.pt,10
kecg0pfn.pt,5
waq776of.pt,6
2wyb95a6.pt,0
egbca0zc.pt,0
ljqbkk6m.pt,13
pa8vvwni.pt,10
03inzepu.pt,12
jg2uwl28.pt,12
9ep56n9t.pt,5
6xlb7hc5.pt,14
uyn7mgyo.pt,6
uiorauch.pt,6
b6wngjwc.pt,5
4z9w9zg8.pt,6
wgzxcj7r.pt,4
gs65n305.pt,11
1d34zdl2.pt,12
yw5smqt6.pt,5
l4udbguf.pt,6
993om29n.pt,12
b50etm11.pt,2
fyiorxuy.pt,1
m7p8nfmz.pt,8
c23m7o49.pt,6
saklx6ug.pt,6
z5svwpld.pt,11
4uxb6ova.pt,0
lec8dmyf.pt,12
ly1n4h1l.pt,5
0jrhtrjt.pt,9
o05rjjpu.pt,6
zwww69nm.pt,6
g7k4u50l.pt,7
isd95jkg.pt,7
4hv641rf.pt,1
sa0g1mjl.pt,0
pgcj0mdf.pt,10
q2l6p1th.pt,7
2s5sj7ua.pt,0
iuwbb6yr.pt,14
lkg1gdpv.pt,12
bzvio1vd.pt,5
ak812tb8.pt,13
tkev2bts.pt,7
rygdb1zg.pt,12
rjpp9y08.pt,13
2vbwivid.pt,13
r2aolh5g.pt,6
k1ub3i6r.pt,7
614vf92f.pt,6
czfbcdqh.pt,0
61fykqep.pt,0
iaf439is.pt,6
eknx0un4.pt,6
90cvc10z.pt,1
a4dp02v4.pt,6
2irbzioa.pt,1
052plo3c.pt,6
3biobwta.pt,13
c4zj6why.pt,6
esj6tqvb.pt,6
yvcw9wtm.pt,5
cuv49zbv.pt,9
4yebbukb.pt,11
06xhbl8g.pt,14
42lm7llb.pt,6
bbasbfs9.pt,7
mbcp20d8.pt,5
kdmgyull.pt,4
by6f8fam.pt,0
htpagx2k.pt,13
ptd9zvj3.pt,0
kb8oqbl9.pt,8
qgdokyhg.pt,6
bez17jxu.pt,2
8g8sfq0f.pt,4
jpwinegz.pt,12
upty08r0.pt,14
0npvao98.pt,12
7q3a2423.pt,12
vjimfsdo.pt,14
zkabizfg.pt,12
407t1t4a.pt,1
7f3howwd.pt,2
nfgh32g3.pt,14
9uertbtf.pt,4
5ba1kxrc.pt,5
4rmcmiqp.pt,9
zabdh24q.pt,4
vmind4sf.pt,1
i7pzgau5.pt,13
an6obinm.pt,6
gnoktahs.pt,0
0ekq7n4c.pt,11
8l6vtwp0.pt,6
vj1pnxdc.pt,10
vv4w6ofl.pt,14
kh7n10k9.pt,8
t9ffluak.pt,7
1bs9i34e.pt,6
hg348yeg.pt,7
pgs9ip48.pt,2
ac1yk5tn.pt,14
1cplgms0.pt,14
u8flv2ft.pt,6
galny9te.pt,12
wens3w3o.pt,10
20m1im1a.pt,6
cb43n3nd.pt,10
rzb5bu33.pt,6
3p0bvlgp.pt,12
lfckcxzt.pt,7
ah3ydja3.pt,6
319nv7cv.pt,12
swmrruh5.pt,10
830076gq.pt,12
thgptvic.pt,11
h5ebf5dw.pt,14
h4a6s0ly.pt,2
q2haeu3d.pt,0
tqv31zlr.pt,6
fpvic06f.pt,7
64p02sho.pt,0
bcle58q1.pt,11
fcxkxxjg.pt,6
gv3a9wwm.pt,6
0tdk90em.pt,1
lgqsu2it.pt,4
54ly07ew.pt,4
ddvdtt44.pt,5
cagi4pn3.pt,4
o1cd8srv.pt,6
bxw0zd6i.pt,6
ja0l2tn4.pt,0
w7nyq39z.pt,5
u77det7l.pt,12
vxzdnp4r.pt,4
e3g4npam.pt,6
pbi5mlik.pt,13
v76tgifl.pt,10
zylsg4as.pt,5
0sewkhee.pt,10
pic7yjuu.pt,4
e0k21424.pt,12
b7hhc2zo.pt,12
8f1unmvn.pt,0
nc5q79ea.pt,13
wtddaun9.pt,14
xkes20bc.pt,8
ufl0q5n0.pt,10
crx89ttz.pt,6
9guqid40.pt,0
fqiovz98.pt,11
qu7tmlrh.pt,6
h5s2xq52.pt,7
2w1yiu12.pt,1
cm1vnorx.pt,2
9xbsjkgc.pt,12
bk92yz09.pt,11
a2ek5mvh.pt,10
cpzi0e2c.pt,12
y5a4k9cu.pt,6
w9btv95r.pt,9
l6eirwop.pt,12
upvcli10.pt,11
5f6seri8.pt,12
pf1zlqgr.pt,10
isox5p1z.pt,4
n0u1ody9.pt,4
kc63h96y.pt,13
nehly24x.pt,7
g0ku9vtg.pt,6
85qufv5q.pt,7
c3jzbsdk.pt,12
ckjswisb.pt,1
81v3fvkd.pt,6
52kjfx5v.pt,6
rfesdeln.pt,6
buspzkmv.pt,2
dpii9q05.pt,2
0c05cpyl.pt,7
rjpzb2ha.pt,11
0zcybghj.pt,1
prwebno9.pt,11
hevgo5qd.pt,8
we9g5tgc.pt,13
5iv58l7h.pt,12
05x522he.pt,10
si1ayubw.pt,8
qmxy6tsz.pt,12
axvqy40h.pt,7
jefq5xh9.pt,10
6bdnmxv9.pt,7
31ngdt4i.pt,0
60zz0alz.pt,10
g5kc8vtk.pt,10
492dpk4f.pt,12
ihzx7wsh.pt,12
giktmu8r.pt,12
jiear3mq.pt,6
oppwka1m.pt,6
ecsgjtu1.pt,6
luns3d5n.pt,12
x0u31saf.pt,12
0xn533l1.pt,11
izb38qh4.pt,10
ldh4is3p.pt,7
qk7m91ip.pt,13
8p9kvj1c.pt,14
ddp2ow6s.pt,14
vg9zyqg8.pt,12
m2c0cqbd.pt,6
pvhb4rs7.pt,2
sd2c910g.pt,6
91lxi97i.pt,6
ujnrzh7f.pt,4
fh9fk0qh.pt,14
nud1p42g.pt,11
rfipv1r7.pt,12
bd2gogsf.pt,1
hi203azl.pt,6
xm4bb84n.pt,10
0vi4wlbl.pt,6
em5a71p7.pt,4
h7524q9f.pt,1
8sj559wi.pt,1
96nri8vq.pt,1
v92rs53p.pt,13
n4cd34uf.pt,6
r77n0qqi.pt,14
57ywbmfn.pt,7
jz9si2vx.pt,12
swcxppgg.pt,1
8l9mryfe.pt,1
082chjsb.pt,11
96lvxrx0.pt,6
sztdqozj.pt,2
opm06pjk.pt,9
dxgf79ci.pt,10
rfbzvm1r.pt,4
3oqemaip.pt,4
wzke2pcm.pt,6
pfce83zy.pt,1
r8127qrx.pt,4
r4t48zkk.pt,0
qzghq3lx.pt,7
2rx9of33.pt,12
90gatcb9.pt,6
wrgfbqcx.pt,6
so9ykthc.pt,13
f71ojqcb.pt,6
am3a4rdn.pt,4
enfoyoud.pt,1
ce9qgwte.pt,12
zpjv4o2i.pt,12
3m4tq2an.pt,12
r98hac1y.pt,6
udncgxtt.pt,12
0l9v8t4w.pt,12
0gqp3xlw.pt,0
j0fqhaw7.pt,1
1hhpsduv.pt,10
f2c9q065.pt,1
fqz93eqf.pt,2
8n8z99cy.pt,11
ym8hos7g.pt,5
eram68q1.pt,6
jg8oyw52.pt,1
z0sqc3we.pt,6
dz8er776.pt,12
117ci9fz.pt,8
ncdrck82.pt,0
4m6d65y6.pt,5
37813p2e.pt,4
kpfd5pb3.pt,13
w9qke1qx.pt,6
t6k4i8pm.pt,11
hzy2h6gw.pt,7
ja0gtt2f.pt,6
mic0wiux.pt,5
c50obvf3.pt,7
x6q63qtj.pt,1
0fp8axgi.pt,12
8fes841p.pt,11
g78lgg7l.pt,13
qttxcqau.pt,2
izp5g6mb.pt,5
ae41aemo.pt,12
pyjo6bdf.pt,0
bkwq2918.pt,11
sp2fwmu8.pt,7
yr0ub8lv.pt,12
bplitbt0.pt,14
tvogxcqe.pt,6
yubz6m1e.pt,4
xq24l7wh.pt,7
w2ypm8u5.pt,12
j2i3rgr2.pt,6
45fztd5f.pt,0
tbxk87c3.pt,8
fwxhimg3.pt,11
bi5vwv3t.pt,10
c6lq2zlm.pt,8
iub6alx0.pt,11
gd8i2nj6.pt,11
8eyynsg7.pt,7
091b4vx1.pt,10
aipj17ra.pt,6
sfvtxwt7.pt,4
jj5lb6sn.pt,7
u8n69z2y.pt,8
wjks0od0.pt,2
z1hg20p0.pt,6
ovyq4opn.pt,10
hlex9kd8.pt,9
7jv5uutm.pt,5
mov0peo0.pt,14
nc4zkuvk.pt,5
4n4su3wx.pt,14
pjqz1vao.pt,7
jhgq8fz4.pt,1
g3mdv9c4.pt,14
p4e74hq3.pt,0
vn75sqeu.pt,6
659w8zi7.pt,4
d9pdl3db.pt,0
mjwurykz.pt,11
3z1hsq5f.pt,12
eo3lktkh.pt,5
t1mj65zp.pt,5
nu14l82j.pt,5
8c1rlurx.pt,0
thpvxwf0.pt,4
l44wq46n.pt,5
nc40yid9.pt,7
i3mqxl7u.pt,5
leuyvr8x.pt,13
is972a8h.pt,0
q2vwig3a.pt,7
57rb7sva.pt,2
cuj10wby.pt,11
4fdjx17x.pt,6
mixy0sv8.pt,11
hm9qt87k.pt,2
ps4uphll.pt,6
xmh8474r.pt,6
0b9rzkzk.pt,12
90y3molr.pt,4
hyarna78.pt,11
gad93nik.pt,7
zo3lgo6q.pt,12
tbisav5m.pt,14
c6c2mso5.pt,7
w07sy8ud.pt,5
jvmodfyq.pt,5
5vk022zb.pt,0
0zktvwbu.pt,6
6yk1nqjt.pt,6
47m0kfxj.pt,6
7qpfe2ok.pt,12
ejtb5i6k.pt,10
zlxv5skd.pt,6
bq5xux3h.pt,7
jq0tmpn6.pt,10
2j2wavbk.pt,2
ynpu253v.pt,0
u9x1xp3x.pt,2
szo5zigb.pt,6
ak45xddg.pt,10
l3se8gud.pt,14
8wzmj3il.pt,13
kf7xb72m.pt,12
k2ea06ng.pt,12
qc2ujlgz.pt,4
meiba0y4.pt,12
uy9u99nr.pt,4
j0bad19m.pt,6
h9xqff8m.pt,9
v024529n.pt,12
ftf9x4mg.pt,6
si95pjz1.pt,5
6jwj0phs.pt,12
73eimtpn.pt,11
d56y15io.pt,1
si1ego2k.pt,13
ysnaglma.pt,7
gxi7vpp2.pt,13
zq6xzfbq.pt,8
ck50m4iu.pt,12
rjarq2rx.pt,4
rokm6o59.pt,14
koni8tmr.pt,3
lvl6qs50.pt,8
rlf2x3xm.pt,10
32rtjfnm.pt,4
330qxs82.pt,14
rr0qrksd.pt,13
v25vp51r.pt,0
d07be0j3.pt,10
hnccpw2t.pt,10
1m6i35j6.pt,2
3b78jhdr.pt,5
trqycvf8.pt,12
okrv7us0.pt,13
vnke5xm8.pt,5
n97cyr0b.pt,5
3oaxkdey.pt,2
y2onjn9w.pt,6
l8iu2528.pt,2
l5pev95w.pt,13
5wlxkgma.pt,1
sxgkpunx.pt,4
qvk5ripg.pt,4
koy111s7.pt,14
y12s0wul.pt,0
50qjmrsy.pt,4
243kpc45.pt,7
taige6qd.pt,9
wb7xvzro.pt,6
tav8a84m.pt,8
43418psi.pt,1
gfvse2kn.pt,5
mb3mwhu7.pt,13
d92tmlg7.pt,5
jmrcfe85.pt,11
dqu3luex.pt,5
vpahl86l.pt,8
96uyahel.pt,5
pfn3dayu.pt,14
i0dwheq0.pt,0
re12tstk.pt,11
37j9lvat.pt,9
qz5qjiod.pt,6
0qkr8k3g.pt,6
4z2nzfy4.pt,5
9nyahod3.pt,6
0xta4nvc.pt,11
hs5rttt6.pt,1
elpi5lyl.pt,1
shdal58f.pt,4
l8l80hmk.pt,6
ulrh6zx4.pt,11
dtn1wfir.pt,6
vkq3zvxn.pt,1
bqtzu5x8.pt,8
swmdfx6m.pt,12
7udacgg3.pt,1
a6t2hvnx.pt,5
mt3mzuw4.pt,0
czigafig.pt,11
r07rdtpe.pt,5
3nn1vyl6.pt,12
ll4afd0d.pt,5
mqxqkogf.pt,14
3b0txxno.pt,12
puxscbz8.pt,13
2v1o5zik.pt,7
6ifdb8rd.pt,6
ocdt4k7k.pt,0
h58146f1.pt,11
0ngnv598.pt,12
t79o16ju.pt,1
qlqtx0ez.pt,12
umsgdc02.pt,7
cg31vec7.pt,12
b4np6406.pt,5
lanrfb4a.pt,14
n7ul5vth.pt,11
925vr9ld.pt,12
xenjg1xj.pt,6
vk6tcbqy.pt,5
11u4m2tz.pt,11
cnjnq3g2.pt,14
xx98d75i.pt,13
o19omf38.pt,14
69yeea66.pt,0
j47ojv1g.pt,12
cjlho9d8.pt,6
wg5ymuc9.pt,9
tshpqveq.pt,6
het2asa3.pt,0
yefqx5uu.pt,9
ful3a2je.pt,12
3umwx1ja.pt,6
dqp18gyq.pt,7
zfvc0hqh.pt,12
bi6bo3vl.pt,1
nn4we0er.pt,4
lu1n4z7u.pt,6
j357ldjc.pt,13
ahnmylh7.pt,11
d3kwsqhq.pt,0
ke9ima4n.pt,12
t6gwx1u8.pt,14
p0w41gbg.pt,4
bkgh0ksc.pt,5
rzp27anl.pt,14
bt5arnnl.pt,14
k7nr9et3.pt,13
v5ccqw5p.pt,7
1ey1pirj.pt,6
znb1as3n.pt,5
p59ihgvc.pt,10
rqo7p4aa.pt,5
t9f6cyef.pt,0
6k7egxje.pt,11
cgmwcs4u.pt,7
rhghmjkt.pt,0
v9mb96ws.pt,0
uk1prk1h.pt,0
g9q9i9k4.pt,6
ljgslqtc.pt,10
v504lq3r.pt,7
g800mvpp.pt,6
vr0eobtv.pt,0
z4al0sw1.pt,6
3nvnpdeh.pt,10
9wodxb4p.pt,6
b9bg43k5.pt,11
klrfqyyq.pt,14
o5sq9nu7.pt,1
zy2qoxlo.pt,10
ahg8nhk8.pt,0
cpn9vte0.pt,11
vgvblfg2.pt,1
knq6ttwf.pt,1
panxjd3o.pt,12
0ccqtv3u.pt,9
5qu55ks2.pt,12
8afalswd.pt,12
3vv3wof0.pt,14
pp7npb01.pt,4
rwcbcxst.pt,5
s32xyi98.pt,0
git0zoaw.pt,4
0z4hcsw7.pt,6
wn23esr3.pt,2
qyvg02mw.pt,0
uso80wwq.pt,11
pbyce111.pt,6
r8leif14.pt,0
uunv69ld.pt,0
7g6rijv8.pt,0
xdyc2vg3.pt,6
ubsusy0s.pt,13
y2ro5jn2.pt,14
panqe3f9.pt,7
tejn2191.pt,9
lwdd6bit.pt,0
ekwn06ah.pt,13
x1xqb69m.pt,1
3s4sm42p.pt,4
y42pcdwm.pt,1
7mn2yse5.pt,12
9ge4w6c3.pt,6
cbgop26j.pt,4
xfxb7djh.pt,7
gb877a6l.pt,6
jvfiujs0.pt,10
tgrxa3pl.pt,5
g5046x1w.pt,10
x9bqfvfr.pt,6
7kkhi5ms.pt,6
eu4ing7k.pt,7
b0f0f77r.pt,12
a4tn9obf.pt,9
jcxzafix.pt,10
cqf5l95d.pt,11
pilwp6gv.pt,12
khg6tpix.pt,13
gcartc1w.pt,1
zzcuust1.pt,6
874hhul9.pt,4
lclxj6v5.pt,12
u4zct7yr.pt,11
tlzqg4le.pt,12
no4y6pqy.pt,14
vkslp56y.pt,11
u3h6cn06.pt,13
rwe4pyx1.pt,6
ugpt9vlg.pt,12
vdpprp8b.pt,6
4eaieuoi.pt,8
eo7iaijc.pt,5
s729shph.pt,1
oml35xbf.pt,5
hgkh74di.pt,4
decv4i2s.pt,0
0b9wozxe.pt,11
d0ohmm9i.pt,2
40vro2bz.pt,0
nwcrlv69.pt,0
tt4byqqt.pt,4
oq773aon.pt,0
zckak1wg.pt,12
jbc03oh0.pt,7
k6uecpwi.pt,0
txp6xe0a.pt,4
508sud4e.pt,6
ja8kqbyb.pt,12
2ngrs8su.pt,5
iipize7d.pt,1
ex5dpio2.pt,6
fumljqjh.pt,6
261jhi4g.pt,2
3h5zjsew.pt,6
zjsgww9d.pt,10
pba7ob9o.pt,6
h8bv3snt.pt,10
mag32uq3.pt,10
ls3jx0ia.pt,14
j1ei6w77.pt,10
0nkq1d90.pt,2
xpagbwhr.pt,6
g34zyzdi.pt,11
k62yku91.pt,0
uujv7hgm.pt,1
r5poyudl.pt,2
fi2sf8ks.pt,3
xan0at8b.pt,7
u7dbbgo6.pt,10
c1mmwfnn.pt,12
g3us3ov8.pt,5
463yw4ps.pt,6
40e3648f.pt,12
51x9m5sw.pt,11
kpudgula.pt,14
6lu28spi.pt,7
demr5lez.pt,6
qxfyyhu5.pt,9
e05x51dl.pt,4
j77z2beb.pt,14
mwjz98my.pt,6
xmzofu42.pt,6
ggh50fsd.pt,13
arfkclnw.pt,5
0pmb53if.pt,6
mb7wtqn5.pt,4
xnm6reqo.pt,6
8431ax6l.pt,12
h9yn499w.pt,14
7vu7he32.pt,12
j4caemz5.pt,0
3xji91vu.pt,14
mv5ocz8r.pt,0
4hm0fbjr.pt,0
goj5sanz.pt,0
ogk0g67z.pt,12
kitdp5pj.pt,12
gib0bx92.pt,0
zh361le9.pt,11
hq65wpxa.pt,12
1weq0lqi.pt,12
kl6yszjb.pt,1
co5nyeo6.pt,11
49lvjwbc.pt,9
4uzktxck.pt,12
zej3og9g.pt,6
ofkdirld.pt,5
ltwikgka.pt,13
bafuf0ph.pt,4
m7pz7hm6.pt,10
v7g0ri02.pt,11
d7i2xb1a.pt,11
5wsf1xs8.pt,0
dt24n0ok.pt,0
h6g23xuc.pt,7
i17db3gx.pt,10
pfhdk18x.pt,12
9nrnvg5b.pt,5
002ojjl6.pt,6
6vvq966p.pt,4
iphzs15n.pt,7
rcfzopre.pt,12
3dplf2s7.pt,0
gaf0226n.pt,13
nzmjneen.pt,13
vidc00uk.pt,0
avlou7vo.pt,1
tq69592z.pt,6
o1h7ryv6.pt,9
exb7e0bg.pt,5
dufgu1um.pt,10
wucwthk5.pt,12
0ing0km8.pt,0
6u4aw2fc.pt,0
wqdntf2j.pt,6
ggf8o36t.pt,1
l583ce58.pt,9
mu9idv1u.pt,1
8c8aivme.pt,4
64101m05.pt,6
egndjbfz.pt,6
l26guxu6.pt,4
e22l6ibe.pt,0
6a8jd0m1.pt,12
1ekj7n3l.pt,9
cbamrpqi.pt,12
o4rbt23x.pt,9
umb3pv82.pt,7
s2yzlw9e.pt,7
pw7q97t1.pt,8
opdp32rx.pt,7
ze1sf1w5.pt,7
ri4r6ytx.pt,12
2tb5hujg.pt,1
eqgtp4lv.pt,11
030ec6l6.pt,2
qrihgzid.pt,14
cf46oo8y.pt,5
pl4tkd8p.pt,11
vgfg2omu.pt,11
lp31m6vu.pt,8
83pz0z71.pt,1
s2ht441u.pt,12
st6twar5.pt,1
lzr0v56s.pt,0
ydlqyezb.pt,7
vrx7i5e9.pt,6
hi6lsol1.pt,12
gxrkh13v.pt,0
u97kldsi.pt,13
26yudkak.pt,0
n9ue6jhb.pt,14
5jzb4nzd.pt,7
yksx5dy9.pt,12
qdcnkdf6.pt,11
xu13b1jo.pt,0
f5vf84ct.pt,11
bgmx9jbu.pt,1
w6vwwtea.pt,6
mcg2r2kq.pt,5
95pt3889.pt,13
wg3xz5zg.pt,5
3duafqkd.pt,12
p3s1mk8e.pt,0
grqa5lsj.pt,6
xcnwadvg.pt,6
zjhegyyk.pt,0
tm1wzeyy.pt,13
ifbukg4e.pt,5
vlgkfj1o.pt,13
74ev5pid.pt,6
ev7ut59x.pt,0
1epc5glo.pt,11
mfhchmze.pt,6
2vxjw0pp.pt,4
pc2p5rjr.pt,8
1w4mtkpr.pt,6
3ft8rn22.pt,0
b3ryznkl.pt,12
zwiycvmw.pt,5
ytrg60ym.pt,12
dg8tgbv6.pt,14
mmqmssvw.pt,5
puhrgehp.pt,1
fn7ql685.pt,10
u70qzs9e.pt,4
be5nsrft.pt,1
vly07jjx.pt,12
laeade9k.pt,5
tru2cf87.pt,7
voks0cdo.pt,3
sicpjl4c.pt,6
mv2o0bmx.pt,12
r9tl4k36.pt,10
4bgt9q2o.pt,12
t8c3wsiw.pt,8
zr6m5mw9.pt,6
329fg04n.pt,11
t1jyldwp.pt,1
ul02upkl.pt,14
habveulw.pt,8
eonz8dei.pt,1
lae5qsnd.pt,12
v0ejpckl.pt,12
xxrzd5a7.pt,6
4uh91wbd.pt,12
j4rn440i.pt,7
90zgrgfn.pt,7
bpc2c9lt.pt,12
inkvp955.pt,5
q7tu1okr.pt,1
66chbm8z.pt,12
zngpojdb.pt,7
f1b9uah6.pt,5
jff6m71n.pt,11
der6piej.pt,10
tfsspewh.pt,2
14gjf9y1.pt,11
zfvgf4z0.pt,7
j4nuveyf.pt,9
jqd75za7.pt,6
ly1rmia2.pt,3
joczhthc.pt,1
xj9vry0z.pt,8
zca07miv.pt,5
xo5fqmyz.pt,10
kn674cbv.pt,2
oxaizlbs.pt,11
rtq4ybmr.pt,7
hc7cr6e6.pt,8
2tg1s7ol.pt,9
wiuunj18.pt,6
bhif70tm.pt,11
s2rkzqlt.pt,6
lk8oqgx7.pt,6
k1sjfqdq.pt,8
50cezobs.pt,6
n6l8ltm8.pt,12
yeam557t.pt,7
cul8u64v.pt,9
ep8ssz5o.pt,2
govzccl1.pt,12
1v8rm0sg.pt,6
bvljumo0.pt,6
frik82b3.pt,0
v6hh29k3.pt,5
wyqet0bz.pt,8
mezz86lq.pt,5
hmyne10e.pt,4
r9hhidky.pt,9
i8j3rxom.pt,12
8rwoln70.pt,12
aq1qzvfc.pt,5
p7l3eby4.pt,12
rbb5usod.pt,12
m85hhy0w.pt,6
kop63mjk.pt,9
l4m8rvum.pt,6
ud7im6op.pt,14
7yd56t8u.pt,12
thigcsd3.pt,6
xxyl3bt3.pt,6
44ge9tij.pt,5
bic2zgx7.pt,5
nrpplnxa.pt,5
zc1snbr4.pt,6
fsebiwgf.pt,0
qwdlfkey.pt,10
5mw5vcvy.pt,4
1r8lxai6.pt,6
2so0su2r.pt,0
6fngxbic.pt,2
epw7msnf.pt,5
b6vmlyjh.pt,1
k99psd7r.pt,5
t7csjhkj.pt,12
58el8mx6.pt,11
r9svfeec.pt,6
bk95m0v1.pt,5
bg7f2g18.pt,12
jclc4fdo.pt,5
nt5eshzr.pt,2
od38ji2o.pt,5
02vexi3e.pt,12
3vp60grc.pt,12
53brmwmz.pt,0
uzew48w0.pt,6
xs3jseqw.pt,0
guyk98qr.pt,0
7p9cfbat.pt,0
5wc2qtsr.pt,5
t0qf90du.pt,6
fzl84os2.pt,6
c3nnzl11.pt,5
40fk3a0t.pt,11
2akoqlok.pt,11
wbczfjan.pt,10
me2a4t44.pt,13
jrxpp21t.pt,4
nrm48nen.pt,6
2hjqtsnm.pt,5
92b2ojkq.pt,0
a2p0khjh.pt,14
q1zddwmx.pt,1
qwnt8see.pt,10
n5u1gstn.pt,4
a3yia9oa.pt,6
bj0ad8bg.pt,11
8mw19ldi.pt,8
0vm6c9x9.pt,14
7ivlfyn5.pt,1
qkoqcrzy.pt,6
heq0rizy.pt,12
j4yhthst.pt,4
9syq7c5c.pt,5
fs33a215.pt,1
ka4xig9x.pt,13
x2miofn7.pt,8
9seokxrb.pt,2
91hwumba.pt,10
i1z5t4n3.pt,8
h3f4tfy7.pt,5
wqck9qmk.pt,12
rmzczp3r.pt,2
urb35zi0.pt,12
p5jvdgnz.pt,0
6vgdj2o4.pt,8
1lv0ki1d.pt,4
wudacaav.pt,10
6gidlzws.pt,2
j73ov20j.pt,10
zscdzoev.pt,5
5xktr5up.pt,1
6vyv6ppz.pt,6
20rw969r.pt,11
r9fonvf6.pt,6
x2cikhqx.pt,14
57d9j1c0.pt,12
pan4zove.pt,5
9f0xwl8h.pt,1
10nsnk6j.pt,1
yie4qlbj.pt,12
sbhdantc.pt,11
s9k6pn1n.pt,5
cse1qe6b.pt,10
9xrn2t1j.pt,5
ynsyjxet.pt,8
c4yy8shj.pt,13
j561wp35.pt,6
j7v5tqgc.pt,6
sp2jfukx.pt,1
oofrgpa3.pt,6
l81d2nce.pt,12
xlw0lmf2.pt,1
yocbb11k.pt,12
7s3682wa.pt,12
qokfmppi.pt,4
2fdc8upt.pt,12
a42p3wxk.pt,11
j9auclaa.pt,12
zzkle0aq.pt,11
fgwlh4l8.pt,0
951ldx64.pt,14
g46fny12.pt,10
unbhabim.pt,5
eymzjaoo.pt,14
on345kmk.pt,0
zmtaz77v.pt,13
4iy6vny1.pt,6
7lmg0lw0.pt,6
rqd08g88.pt,6
7wgky6ka.pt,10
ohtmzms0.pt,0
relo2jux.pt,1
bzg7fvhi.pt,7
1cv3yu9l.pt,5
2vlwq06w.pt,13
22j8qwpd.pt,3
bmiabqtk.pt,8
vx9jx6vk.pt,10
q9fozbt3.pt,2
nukve20v.pt,6
5hyr8dfx.pt,7
qo2waz5k.pt,6
1i0awht4.pt,11
ew4ptes8.pt,13
v7sudmw1.pt,11
dw6g4wdf.pt,6
culchl1r.pt,4
dzli5sah.pt,7
xikco2oz.pt,12
tfkxvmpm.pt,6
mkng776y.pt,0
aq9cckoj.pt,1
e5jjm9ib.pt,6
naepfonu.pt,4
hmkyy4td.pt,1
wrbo11v8.pt,0
4h1b6shz.pt,4
wo95m9nt.pt,10
9fjpm74x.pt,10
2ctzstq4.pt,9
0mk8xmab.pt,1
aa4yeize.pt,6
clq5ngn4.pt,2
p6or3zp1.pt,6
g1ldrmwv.pt,4
c8yqtulb.pt,11
pxebwx1b.pt,7
lifn5rkl.pt,0
ve64cd52.pt,6
wy1ks1rd.pt,10
851kdc45.pt,12
01ly8g4q.pt,7
ggpks2fy.pt,0
grouvqll.pt,6
kkppvm76.pt,4
k1v5wld0.pt,8
myjb7ynd.pt,11
cyovbft5.pt,13
a698a18c.pt,5
hs6dbkch.pt,6
mig99q02.pt,6
90sea9gr.pt,1
ekfa2gw4.pt,10
5ubpzy4r.pt,12
r4yaj0pk.pt,2
ja5zgdh4.pt,4
yyvt0ip6.pt,12
cw3xn3tu.pt,14
gpcfou8l.pt,14
w0ktykkm.pt,7
zv0ei9il.pt,13
luczas1r.pt,5
brcpqj7f.pt,7
26pbzcd2.pt,4
42fyt64w.pt,13
4sspuum8.pt,12
para6541.pt,14
pnnxvnle.pt,12
mrx1mn74.pt,7
rd94a6d2.pt,7
8ldjfuvl.pt,12
7f7zp7yg.pt,4
im2qjg2c.pt,1
18vzpu7m.pt,0
c6q41y8y.pt,6
5zd9qw1i.pt,13
9kfzi5h6.pt,6
4h35ewj4.pt,2
zfylxloy.pt,6
256fqzo0.pt,10
b9xib6i8.pt,5
sb93bg5p.pt,1
46f2w57s.pt,11
ubr2l65r.pt,14
zjwytl22.pt,12
78nr1o9z.pt,6
dxoc8xqm.pt,10
ygw1ejyv.pt,4
qt0cwd2r.pt,12
vd8y4e05.pt,2
u52e573a.pt,6
zgcskyqj.pt,6
lhcpfwd7.pt,1
8x93xmf9.pt,5
h8nqxdf8.pt,10
enodwvi6.pt,12
nptjaeym.pt,6
sqioweyz.pt,10
tphxg28z.pt,12
95y5fioh.pt,9
gar4f0on.pt,0
h3cc8sjr.pt,7
nsnc0rpv.pt,5
thqeuv9z.pt,4
yzvwljyw.pt,14
reilydn0.pt,5
4qzutdrx.pt,5
uxu6ehzl.pt,4
dmmxab85.pt,6
150mhghs.pt,0
tmjxrmi3.pt,4
e07v11i0.pt,12
xnlgypqp.pt,9
air2whl3.pt,12
98wmlgvl.pt,5
xdxxqcyk.pt,0
czaigx67.pt,12
mav5ka9l.pt,5
1fu8sga9.pt,12
xorcj1xc.pt,0
t4lsdbsd.pt,1
nz6k14nq.pt,5
4vixj31j.pt,12
i0m42uwu.pt,7
5toq97mo.pt,6
qezwrt3o.pt,1
n6amch0a.pt,10
5o9awrsw.pt,10
esg2oqeu.pt,0
t2z7en76.pt,0
t3r9fnkb.pt,11
5coq4hxs.pt,1
8lnwq56s.pt,12
qxzt6raz.pt,12
o06jpipo.pt,9
fxtbgvhz.pt,4
adm9fsgw.pt,5
2z1nmhdk.pt,9
eh72dpiq.pt,12
jgrcx6v3.pt,6
jsizixqv.pt,3
enhbfndr.pt,6
dmsbzx5p.pt,12
swgjxv7h.pt,13
fpf2obm4.pt,10
ccd8tgvh.pt,6
q7kvp1of.pt,5
wzz16j1f.pt,11
37y91iyu.pt,4
7kx2yrl8.pt,12
n3xfdoje.pt,8
2wvxyjil.pt,10
m21qm9s5.pt,12
dazhv7bw.pt,1
1v05fbpr.pt,1
5gnact01.pt,10
p39rtxgd.pt,0
5f5famxy.pt,12
r392nrlo.pt,4
15ngzh9v.pt,7
i5ramb0x.pt,1
lbmk38y3.pt,1
qk0fjr7n.pt,6
xou1u01i.pt,12
oi7ryf56.pt,13
lju3870u.pt,2
qbm8c263.pt,11
qx5mq6kd.pt,12
7mem1xuh.pt,14
hcp2z6oy.pt,4
lfe054y6.pt,6
6kwsn0gw.pt,12
yxr8xv6q.pt,12
npmp3xoy.pt,6
hadyi48d.pt,5
kadc8iq8.pt,10
wjgq3z8v.pt,14
p32d9d3g.pt,11
glyerzok.pt,6
fyghbj0t.pt,8
r5m043ov.pt,4
20q0pv0x.pt,6
5iff2e62.pt,9
ngtchfgs.pt,6
lu7gra1n.pt,6
aiy1xvbg.pt,13
4rhzv1iu.pt,5
oe4axu94.pt,10
k06xnjts.pt,6
cohvxtqy.pt,1
rjtxx7m1.pt,6
fc620sm4.pt,6
bqqs7fic.pt,2
3f3qehf8.pt,12
567ypjp9.pt,0
mx5cassa.pt,6
a4trirli.pt,4
vtkeu47v.pt,13
09nvfjal.pt,11
3nt066o1.pt,5
wd3d5v36.pt,4
udper601.pt,13
knjwxmxb.pt,7
cdu4217q.pt,0
nzga87o5.pt,8
dgjpi7d9.pt,12
9q62y6f7.pt,6
4o56hip6.pt,9
5kkaxlpq.pt,4
8rzr7gpc.pt,4
x3ok8wp0.pt,4
uls1ffmm.pt,0
a2x6z8az.pt,1
l3asqry3.pt,12
quj2qm9e.pt,11
limorrn2.pt,11
1udx6i0a.pt,8
59txd707.pt,11
766qc3bj.pt,6
1fqswt27.pt,5
9cg5r88j.pt,5
s7di3kqq.pt,12
74iwuuip.pt,6
3sowdrkf.pt,12
wfxklkp3.pt,6
2fs1c6uf.pt,1
61lpdii9.pt,5
2dxmx99l.pt,6
pg9jaf3o.pt,7
lbm2u856.pt,12
l91chafz.pt,12
z4b6x55x.pt,12
u1w0zi9j.pt,0
v6qlqw4b.pt,12
a6vvnljy.pt,7
cwun5va9.pt,6
w1zlv045.pt,10
tj7u3d2l.pt,12
uzo22gwq.pt,14
vcgbmq1x.pt,0
qoyfjdxt.pt,12
e4t31k5p.pt,11
kse775tu.pt,4
3yyg7una.pt,14
esznacye.pt,12
9nlj2hk5.pt,13
urdm9lxe.pt,8
yzh3j5e1.pt,12
2z8zd1e4.pt,4
91v4d0ae.pt,12
rtddmilv.pt,5
zsi3830e.pt,7
v8t9j8xv.pt,5
zmumtcf2.pt,10
rznbj9tw.pt,13
9uqz8oqt.pt,0
4u0z21kk.pt,6
nsicky9s.pt,0
sdj693w0.pt,6
gh6g3qep.pt,1
qwpgu7vy.pt,5
5zp7yhmf.pt,1
lnu8x6xr.pt,12
jkc81g9k.pt,1
ceqr3vdv.pt,2
rk52dywc.pt,5
7wi77ad1.pt,11
sde36kk6.pt,4
8e0g5j9w.pt,12
m5dopsk2.pt,0
aknh6s2y.pt,6
ighi45hj.pt,6
oqsm0x73.pt,1
93aizkyb.pt,11
f3ywi7te.pt,1
vypzm50k.pt,1
uk0ordg4.pt,6
r2l86dlk.pt,4
ol2d65cy.pt,4
bfkvnnk0.pt,3
osmhfttq.pt,6
i964ox29.pt,10
11a7xxr6.pt,0
6g6r7vef.pt,6
mzdon7kn.pt,2
izbsvsp3.pt,8
d96ua7ma.pt,7
vko042w1.pt,12
c7zrhvrn.pt,5
k9az4ajk.pt,12
wkpijfez.pt,12
0m5762im.pt,7
1zbwytzj.pt,14
9baeroug.pt,10
uzi67xw7.pt,14
2crlra2v.pt,12
frglxdws.pt,10
gjzy3zmy.pt,6
cv6np604.pt,14
57l7i75p.pt,14
7fln0m6a.pt,4
hs8s8x7d.pt,14
6v6swzkq.pt,6
1rwanjjv.pt,4
fr4xng4t.pt,0
f3utjwrn.pt,7
5gye2tt0.pt,10
szwuvw0q.pt,6
1is8r517.pt,14
4z33fv53.pt,6
7w17i58z.pt,14
0v6henuj.pt,5
trnk9jgn.pt,4
27oixkxv.pt,6
25pfa9r3.pt,7
x7o1wuf3.pt,13
u4ej4st7.pt,0
yrvybxve.pt,14
dkw1hk45.pt,11
nmtxe4gf.pt,7
1iz1fytw.pt,5
5n6gcexh.pt,2
53tog9lf.pt,12
1s9cksay.pt,14
q3m0bzhm.pt,4
8yfxch3l.pt,12
oytp8m6u.pt,1
oo3v7v5o.pt,13
3xyy73x7.pt,12
l2pcw6l7.pt,6
gm87nt12.pt,10
0tg0tczb.pt,6
vm261wx8.pt,5
maxc1tun.pt,5
qihrfm0d.pt,14
yi5qsh1i.pt,10
htw6sk2d.pt,6
4rv16u5y.pt,1
qvh69wji.pt,4
1gon0zli.pt,11
adg5b76c.pt,1
4y0vrdua.pt,6
r6uk0dkw.pt,6
yhnn8tjr.pt,12
rlt1u0le.pt,4
8x0s975b.pt,1
yewmyh6f.pt,6
k2iaibz7.pt,6
sipjrsp2.pt,5
nlpqhh4x.pt,11
l7nymp1e.pt,9
4ufuf9dh.pt,1
dc7lkgzl.pt,7
ak3bnqs8.pt,8
7pd8phug.pt,7
gh4j5hvv.pt,11
n1ptnzyy.pt,4
99xfvue6.pt,11
ngtv8it5.pt,7
x4f045p4.pt,4
yh7wla1t.pt,1
xhd9mu7q.pt,12
wz27pjmh.pt,5
msn2yuqb.pt,6
9g5swasa.pt,12
4tsga4t5.pt,12
b5ai6td8.pt,8
58b74yf1.pt,5
0gf3b0yb.pt,1
tv44rlqy.pt,8
rm1pfo5y.pt,13
q9yi4neb.pt,4
ldgwrmtv.pt,1
5j9lrukb.pt,9
nsh00sp3.pt,6
s2ef6xks.pt,5
bplmqu8s.pt,14
zfbpwm83.pt,7
y44vdo38.pt,8
oespnl3q.pt,13
987g9txq.pt,9
vjg71cms.pt,5
bdlfz04m.pt,1
z9v11y29.pt,12
2l5zu2r7.pt,4
9tz5irar.pt,4
htoo8e8n.pt,1
yg9olhsz.pt,6
ycj1il75.pt,12
mr8by7ft.pt,5
7d12mlm0.pt,5
q1u637t7.pt,12
6ct0r1bo.pt,2
ts0xmtm1.pt,0
xub4f49z.pt,0
iyye5674.pt,8
p9z3lhbe.pt,12
oiwtm74f.pt,9
tykyzqi5.pt,10
tmr2pkww.pt,0
0o00zlph.pt,12
07xsi3ku.pt,12
y38mofke.pt,4
l9ipar73.pt,6
m0lfwit1.pt,1
s81qp1u4.pt,12
2gzohw4w.pt,11
hodchnx9.pt,0
o6gi1wkd.pt,9
ikfdvswl.pt,2
z7gjvxjr.pt,6
l3srhepw.pt,6
0llj4xa3.pt,4
hmfzaljv.pt,7
2e7p6i7p.pt,12
r252xdwb.pt,4
ushgf7fn.pt,6
4xofd6wn.pt,1
hc2pgze9.pt,12
8yddpxtu.pt,12
gkepanyr.pt,2
cg22qb44.pt,1
ub3pufhr.pt,0
7yjr0nhm.pt,5
dcvsadeg.pt,0
q7k428bm.pt,0
i7fr72ct.pt,13
krq7a7xd.pt,6
ybx6skbs.pt,8
lt7cuzvk.pt,1
358jdawo.pt,4
8li11vfq.pt,1
qagc29mt.pt,1
gvpd8cnn.pt,14
3duchibs.pt,4
zwkbaci8.pt,12
pruia1as.pt,10
lu9cgdaq.pt,4
5d9jb4tx.pt,6
yuxw4zjm.pt,5
77hza56i.pt,2
7euhc6hz.pt,12
2srb0lg3.pt,10
1zksnx3w.pt,0
uk2zi91l.pt,13
oxvcnjlq.pt,12
ge5kbffn.pt,1
jcbecohm.pt,7
k4wmmojy.pt,10
uzd47th0.pt,2
uni1d7z2.pt,9
85lv1pf5.pt,7
mg5par1j.pt,2
m53319lx.pt,9
rmhw4k4y.pt,11
7aqwpiao.pt,6
yng1qi1x.pt,12
oc3uc0fl.pt,6
qngqxtpj.pt,7
hb4xybxa.pt,12
a7bzjpmj.pt,5
y2b3pvg2.pt,14
ldddnv6t.pt,6
n8ufsuz8.pt,2
l4bzmiun.pt,4
3frvxy4h.pt,12
0gjvaqeh.pt,12
slc5kzn2.pt,7
yz9fp8jb.pt,6
7fspbl27.pt,6
k1mjk8gq.pt,6
7x5pkky3.pt,2
7upjiz41.pt,7
w7nkez9f.pt,14
7hc6gupy.pt,10
pdfzp4qg.pt,6
10zcy71g.pt,12
4nkmkz5b.pt,7
uf00vlg3.pt,4
gbuoj8h1.pt,1
81fzyrij.pt,10
gw1798cf.pt,6
bccp7hgn.pt,6
tbd9t773.pt,12
5v6ca5iv.pt,11
pkefnv7m.pt,6
2gnqyawk.pt,6
md76bjzk.pt,12
1qr0ys4t.pt,1
d6rwp9v7.pt,10
lytyuou2.pt,6
3o9b3odk.pt,1
wqp1s5p3.pt,12
0q70jqfx.pt,5
2wgxm7f6.pt,7
rjchilnz.pt,12
xc28f6af.pt,12
5woatih3.pt,12
eui86hyf.pt,12
ayhmj0g8.pt,14
g36j4bzn.pt,6
l8zya9id.pt,12
grg888v0.pt,10
mnq7hyfw.pt,11
ntzgw6we.pt,4
fa5dcazu.pt,1
ebrbdfxj.pt,6
e4urwsv6.pt,6
oufgc3fb.pt,6
hflo5x0c.pt,0
fmru62vr.pt,4
k3e4lzj7.pt,5
bjkzvdbf.pt,10
qna7u5zs.pt,6
n433edxn.pt,7
tjvh4o8b.pt,11
unm68hc1.pt,6
kfalxxbl.pt,0
o4thcqrc.pt,10
fygoi4lx.pt,1
nfvusl92.pt,12
rvpe29zr.pt,12
mg4rwcs6.pt,6
aqdxbmh0.pt,1
6eyp272i.pt,12
dhvqtaaz.pt,1
pi4mjwzg.pt,4
k0h6rpv0.pt,4
qavbvclu.pt,13
mfe3qk48.pt,6
3qucpocu.pt,6
v6audtmh.pt,7
1hcnpz7h.pt,12
rnj58e2a.pt,6
h0bdxsmr.pt,14
oe4jxobh.pt,11
yt7um858.pt,6
plwofm8y.pt,7
ai6w2cw1.pt,14
yc7kdxu8.pt,3
yboeszav.pt,2
nxe0jioj.pt,8
9r2e9t79.pt,13
zs9dqnfi.pt,4
qtfukgjl.pt,12
8unm9fnw.pt,0
7khaya67.pt,6
ad9ehyua.pt,10
21u3gctm.pt,11
hqttt8wc.pt,12
j3y0ncn9.pt,13
68mnlap9.pt,13
mx1vj6xj.pt,13
t0njaesf.pt,7
mkexu5l6.pt,1
vwc0atge.pt,14
6qv7wx2v.pt,5
xtm8ha2z.pt,1
io8rs8vq.pt,9
xceduv64.pt,10
oeq9w5lm.pt,1
dow64xej.pt,11
v8xseokv.pt,6
wpp9h6q8.pt,1
vpoymfo7.pt,12
b3he23na.pt,6
63amhttq.pt,6
t6vjzup5.pt,4
9ckqih9h.pt,12
c5mry8e2.pt,12
2qhikptr.pt,3
4w5m3ic5.pt,6
9qvpvcxb.pt,4
nq31r19j.pt,14
jd0lc6qp.pt,13
icbcf2ae.pt,7
madh5wkj.pt,4
9kghe9nn.pt,5
7vohbdfx.pt,6
7h1sa2ah.pt,8
h51uugjg.pt,10
8917snec.pt,12
tavp9c5k.pt,13
4mtkt6yt.pt,14
s1vi8v4x.pt,4
274hiqbv.pt,7
miraetl0.pt,11
8iiq6uz8.pt,14
pthfzqfa.pt,5
9h94cl9k.pt,8
bbuj16kb.pt,5
conkrwbr.pt,7
z4mbqzm3.pt,1
vesk05xh.pt,4
5pmmku19.pt,9
jb2s8h3d.pt,5
uuka0jvr.pt,4
w730it7b.pt,7
8vp2ialu.pt,6
rz1ae179.pt,4
iabicnj3.pt,12
4va66tcx.pt,6
nevzpzgv.pt,10
fiqsbjf9.pt,6
m5xkolcs.pt,10
ugne1l4z.pt,6
ajcsw8gf.pt,6
1cpfwrt7.pt,5
4nji63wr.pt,12
6zv4v51c.pt,12
vrnsnvc2.pt,12
6bu2e3hd.pt,14
0qj3mutk.pt,10
hh2lsrfe.pt,13
amwh4hds.pt,1
mlw40ods.pt,6
a46n7glr.pt,12
r6eqc86z.pt,7
bimyff7i.pt,12
66cjsbv0.pt,9
3cj7pcw1.pt,5
lqeabncp.pt,5
f59mfmh7.pt,6
3zwvmsqt.pt,4
s7okki97.pt,12
9w48bduc.pt,5
1ou58nqb.pt,11
cxl3m8bh.pt,10
3gbpx1w3.pt,6
flxq1xct.pt,11
rvew462e.pt,6
fv87ws1b.pt,0
il94ie7o.pt,11
5bl7ecdh.pt,1
x5ro2odq.pt,6
x3uadxfe.pt,2
57bsjmn4.pt,7
5xp0hxxn.pt,5
ylvux6lu.pt,12
y8ctu9t3.pt,12
0f65csc7.pt,8
no3w8hel.pt,5
jhskjjlu.pt,9
ehhllo70.pt,11
5w4784is.pt,6
6eikb5zx.pt,7
nae8fzpp.pt,1
4nf1i0xs.pt,6
4nkoy3r9.pt,6
im4nb2g2.pt,13
budp74d4.pt,6
9vj3aa38.pt,1
4453m9db.pt,12
fpqnogdi.pt,2
g47rea5l.pt,1
dwerecvj.pt,10
xxo4y8bj.pt,6
6klydvq8.pt,6
jvgbng3z.pt,4
xfbhkq6q.pt,10
50hva560.pt,11
86fpzt4h.pt,7
yhzd4bsi.pt,0
jpi60r4l.pt,0
rkq0lexp.pt,8
t6e6at3k.pt,7
jmbda6it.pt,6
b229ga2x.pt,5
it6vjwk1.pt,4
j6ysvev3.pt,0
7rqwj368.pt,4
kt3qo4om.pt,2
oqblgdt6.pt,10
839nb2cm.pt,1
epd3t6sh.pt,1
jb95f6ez.pt,6
2g5j6oc4.pt,6
7aqyo8o3.pt,12
bl8i87jg.pt,10
nj2bal1i.pt,5
t7qtaoze.pt,6
yvtkyrnf.pt,4
gd1vcim7.pt,7
p20ds27h.pt,10
98n4rive.pt,5
if1xrzsn.pt,6
8eq91u3k.pt,6
eewi53hu.pt,12
7nohpps4.pt,5
6uazj9js.pt,0
9ycrax25.pt,5
jyzl4iz8.pt,2
yr8r51bv.pt,12
23swj8z0.pt,11
bwmcoxu0.pt,9
ydmhetfd.pt,0
qfphgmm0.pt,5
o7jo0rsu.pt,0
erf1qb44.pt,0
78xwdvv7.pt,10
zfx978vf.pt,6
dxqoekok.pt,9
floj8eyj.pt,11
prb7iq88.pt,6
n8iduovr.pt,8
r8wpycj6.pt,12
19tjf8cn.pt,0
jngmg56r.pt,12
8xmqsor8.pt,6
1wllwefb.pt,2
n5skrwg5.pt,5
8m672kgj.pt,12
yl3i4frm.pt,12
gok1wchp.pt,0
o775ltkq.pt,6
gu2enqqp.pt,6
o51ho140.pt,11
d48ifxh1.pt,10
kpoffejr.pt,5
3bxorg29.pt,4
jjr8wrz6.pt,1
e9v51ly2.pt,6
ao802n72.pt,2
10y0jsti.pt,13
xpo96uzz.pt,1
i0kotda3.pt,10
rlj6cezd.pt,0
kdb0rpdz.pt,6
77ywbg8v.pt,7
67fjakoe.pt,10
89wvnzdi.pt,12
690l6ffz.pt,8
z2kqomm4.pt,5
f86z9adl.pt,6
ml6i5r8m.pt,4
hie46ugs.pt,5
n2t7szds.pt,13
hb9v4wsh.pt,4
g8g4e9s4.pt,6
gq5x9k81.pt,8
knztq9g6.pt,12
45slva3y.pt,6
caff0vgl.pt,7
foc3mna0.pt,6
jgdlesvu.pt,6
e7nsz8xl.pt,12
yxdxar61.pt,1
e3ke1c4z.pt,6
tmo1oa5c.pt,5
g78tsh1k.pt,12
qkwglaza.pt,12
8w0mh3vd.pt,0
pld7o3dp.pt,12
u8revso9.pt,4
51zcbu3f.pt,0
to3kpq8w.pt,6
pfbnrzp3.pt,13
f855hkdq.pt,5
iw5zbxq2.pt,0
rktfztzz.pt,11
2gtocde6.pt,12
8ejdytxm.pt,14
2wvp9e52.pt,4
bwh0ey76.pt,12
ckjf29yz.pt,1
didbegz2.pt,13
5y7hagn4.pt,6
1fxkbn6a.pt,5
tq7no83n.pt,11
3089v9tt.pt,7
8ntj6goc.pt,12
5ghg10ba.pt,14
3zyn3kd7.pt,12
sjyrbl8j.pt,8
c2djf6g8.pt,13
078rt3hu.pt,9
w9asr7ha.pt,12
plnjshju.pt,12
57vklbom.pt,6
ttwdfn63.pt,7
mtwcrqjp.pt,14
q16dwf2c.pt,13
pm7whpvu.pt,6
d34jfnbm.pt,13
wnwpznkc.pt,12
sfxd0v7k.pt,12
bcuchsor.pt,4
3l6zonyd.pt,8
aay8sy8s.pt,6
7j1b4az0.pt,9
0tmh3oac.pt,7
wa39i7ok.pt,11
a5pzyldd.pt,10
lvakx0vo.pt,12
8hulv2z1.pt,12
1hixx4ax.pt,0
udg4aq1i.pt,6
foyus7w5.pt,4
ei1sv9v3.pt,12
y6v10en4.pt,11
l1pummau.pt,10
ojz68qye.pt,10
nrk9vnfs.pt,0
7a7ljg8t.pt,14
a451t050.pt,2
b86vv8z6.pt,1
r4e51k9h.pt,3
ac5gy5nq.pt,6
gv218sx1.pt,12
pv0vtrxm.pt,7
015e0ase.pt,11
1groyjlk.pt,0
x3xgphyy.pt,0
75noyf84.pt,1
mmxk2a83.pt,7
n3xzgqf0.pt,11
eqwn776i.pt,0
is7h8qce.pt,10
praltp64.pt,9
2jdpygtz.pt,7
cljfs4k8.pt,11
l1nhkrmd.pt,13
vi7u4gkz.pt,5
xhexdzcl.pt,8
78wymj3k.pt,6
c7mucenh.pt,6
we5mvoxg.pt,0
mw35pild.pt,10
v8adfsr5.pt,14
l405a3fs.pt,5
pbk4tbfq.pt,0
fnv56qff.pt,6
67anhrh0.pt,12
m7nzudpw.pt,14
dex3y134.pt,0
rgwe2xjp.pt,6
4ds3jeja.pt,5
yolplw16.pt,5
lo9sh49h.pt,13
f3etdd83.pt,1
n5ew6b5g.pt,12
f6i9ji75.pt,4
2k9ogtjl.pt,0
qyz64y7s.pt,4
2fqa4hsg.pt,12
cmnnsg04.pt,5
fwkbdnoc.pt,13
ne9bsq5h.pt,1
vq7m96rn.pt,5
ar3wd307.pt,3
50i77is1.pt,11
bkv7l0tm.pt,13
jt8e84o5.pt,12
km4tm04r.pt,6
jehx0i63.pt,6
wkpvv7h6.pt,5
9zolmoc5.pt,13
lkxw9i2t.pt,7
t0kqkaro.pt,5
sq4h9xa9.pt,4
drhp3nos.pt,6
2jkormzs.pt,4
5juems0c.pt,12
7fhfasnt.pt,10
p8mn3hfn.pt,1
34qcbp80.pt,8
vwjhha7v.pt,6
r0e7lvar.pt,6
3ad0hpf5.pt,6
ym8qma3a.pt,4
x5qpxt4d.pt,1
iz7h9hjw.pt,11
2et2ot3w.pt,14
ui2sdb6d.pt,11
hdgas1e7.pt,12
27dgkf53.pt,12
2yz6527m.pt,6
unhqep96.pt,1
ujk8prfj.pt,6
z5tj1frl.pt,3
y57ulo1o.pt,1
yb3y0cfd.pt,2
55s4x30n.pt,4
br1a7hht.pt,13
61qvva4i.pt,2
d5ywz11q.pt,6
5f5yarhg.pt,5
ch2oc27q.pt,6
rz5fc9ey.pt,4
2imj84sl.pt,8
kwun9w87.pt,12
xy3ktod1.pt,1
w7988906.pt,12
n1aamqwv.pt,10
qihu42gq.pt,2
dac2wmmn.pt,9
hfngk4q6.pt,12
67wss67h.pt,2
3c6k1ikt.pt,0
fyaam4hx.pt,6
ch7nt0g9.pt,12
ut6rldn0.pt,0
iv5hby5u.pt,6
3hq55xxb.pt,4
39eknqqi.pt,0
u5qbmixj.pt,7
zq89e0sz.pt,7
9vgckdvc.pt,12
11temf8i.pt,12
pp1hr3g9.pt,14
t6v0tqp2.pt,6
6yrpitbx.pt,4
6cgi6tuk.pt,6
vx48bdcd.pt,12
3kly7895.pt,12
la560fqh.pt,1
5dnaonjc.pt,12
ytutwbgy.pt,1
4ivfoyzp.pt,4
rmqen60i.pt,9
qhea1iq4.pt,1
1xy2ssyc.pt,1
7a1ysg3w.pt,14
sn4ywiq8.pt,13
oftfh4zd.pt,4
7n3nio17.pt,4
chz3zl7p.pt,2
1zsfgipx.pt,3
oa171sh9.pt,4
cwc4vk86.pt,7
0kmbhxcd.pt,11
410keafy.pt,6
eb7mti6k.pt,11
78pvs3fo.pt,8
vhx97y2f.pt,1
xlvcfub5.pt,9
xkhggz61.pt,12
sahni82b.pt,12
05woe4jx.pt,14
2ip6v884.pt,0
ciqirkn9.pt,6
3ouomalq.pt,7
8qoo2jau.pt,2
rukade6r.pt,7
bwpeoplp.pt,6
htntszz7.pt,0
ftj5wrj3.pt,4
n6zv5vih.pt,12
jrnpwvpr.pt,6
9hdqtnu3.pt,1
pcekc667.pt,2
pnzjgzuc.pt,9
kleg5tfq.pt,5
ajan13c5.pt,6
am516vca.pt,6
seey4n53.pt,12
i8lu2sok.pt,11
zq6kafvh.pt,6
lek0ulko.pt,5
1ygtxub3.pt,1
rvzg72rs.pt,12
sddrilpr.pt,11
u2xcazkl.pt,12
u5fbsf72.pt,1
h2f95prj.pt,11
9b7dq1dt.pt,14
qcrynkn6.pt,13
tfg6754e.pt,2
gb53z87f.pt,8
ywzw8nmu.pt,6
5eu16esb.pt,12
e0f5y01h.pt,6
mrfjs91z.pt,11
wqxjd4eh.pt,0
lytovrpc.pt,12
zpparm2m.pt,2
wbu04wn0.pt,12
klkqlwf1.pt,8
khs8a0eb.pt,0
chxq2xth.pt,0
zww6l67u.pt,6
rceyk2in.pt,0
jly48xa8.pt,0
5i5d4wo3.pt,0
vglq2fse.pt,6
qdc6w1ij.pt,1
ghq3ij9e.pt,10
wdbtn1qh.pt,12
rc8x4mzj.pt,13
lzk9dkty.pt,6
jjwwv3kq.pt,2
1elbzgi5.pt,6
s720q8t0.pt,1
s0z8hiwc.pt,7
oggfhw45.pt,12
toqkh3lw.pt,13
67za6xzk.pt,2
2g627xv9.pt,11
qkx1471c.pt,8
h63nnvsi.pt,12
u0zxu6ki.pt,5
y74rtpkf.pt,7
b0puud3y.pt,10
tr8lgjlj.pt,7
djc5fexa.pt,6
1xv4juuw.pt,6
c52qr4bb.pt,10
k19zgt35.pt,0
eiibkp95.pt,7
qgsjkn0v.pt,6
sorlucrz.pt,11
wzko7b64.pt,12
fcvb2fct.pt,9
vki6ys8y.pt,6
5r8w324z.pt,11
jytcmwf2.pt,6
xpxubg5m.pt,12
hbi0o4qu.pt,8
c1i9kq97.pt,6
pwa6pbkz.pt,0
8o0g12ju.pt,11
rpfrlwii.pt,12
7sy8bku2.pt,5
dujlpuzo.pt,5
hcz1zv10.pt,13
yx1o2hae.pt,12
8jzol596.pt,2
owq7h341.pt,11
3j9cc3ys.pt,7
9yo7tes7.pt,8
vrr7odfg.pt,6
wrlzp4b3.pt,6
3s6nq6h5.pt,0
fmk2gwhr.pt,12
3287wlbh.pt,4
x7m6ittm.pt,6
01cqbman.pt,12
a7nu7efr.pt,7
oi43cfvx.pt,6
9kykz9uz.pt,1
ydahuodf.pt,11
uamnxf8g.pt,12
56porwj0.pt,5
wo3c0fl2.pt,6
9drfzcyw.pt,2
c1koto4c.pt,9
xk6ryyl0.pt,2
uj2ieqhr.pt,10
ye99v1kd.pt,6
1auqpbf7.pt,6
6gbfjg8f.pt,5
xzodz3jn.pt,1
3n67evel.pt,6
frashx94.pt,3
hfhqiiy7.pt,12
fxsa2ups.pt,10
7cvkfgyv.pt,4
smpaqrae.pt,1
76p8x0dp.pt,11
uayk1o7n.pt,6
w1hnyk11.pt,11
uuaxd27e.pt,2
jllf0qc4.pt,8
iyuonvbp.pt,4
1gzd633l.pt,1
8u2p0opc.pt,6
n6k7d4y3.pt,5
crbea7xa.pt,8
yf8rbqt1.pt,0
lz982csl.pt,6
418fpgpi.pt,12
tz30rxe6.pt,1
n959g6jd.pt,5
awiyob7j.pt,12
vn3fbwg1.pt,1
7dr8leqd.pt,13
tf0sjkaq.pt,12
zaldwtdo.pt,2
vqoq1kz7.pt,7
nlgix6rw.pt,1
5zafs56j.pt,1
2qj67jmc.pt,7
7ul7grd3.pt,7
nnjwr5ka.pt,5
1oenpdvw.pt,12
xk9jxyf4.pt,7
001v5h0d.pt,6
8p0fy5b5.pt,6
u6q1i1oe.pt,6
29fur0tj.pt,6
v40zrmyd.pt,8
nr79qpm1.pt,6
2w3cwfrb.pt,1
8oz804cx.pt,12
e14ziehn.pt,10
3i24i34h.pt,1
qfct0oib.pt,6
pcn5r04h.pt,12
8hscnfz9.pt,7
hy4bmrm3.pt,0
2jdotu1b.pt,6
o5tf0vw6.pt,9
33n4rdso.pt,2
xudd2cm7.pt,12
rc8qwtp5.pt,5
46he4chi.pt,13
xdoiyd8e.pt,12
errr6bgb.pt,11
cs1mcdge.pt,12
3pxxyht2.pt,12
kgvjpaav.pt,5
bts4w720.pt,0
mrqiraut.pt,5
tqrpb4vv.pt,11
kzgidfmo.pt,5
gvryd37p.pt,6
z2ep61sy.pt,6
qap1tw9a.pt,5
uy6bg93m.pt,13
4w0fgy77.pt,10
ixnjfw6p.pt,12
dek9h6qt.pt,0
4il5axa8.pt,6
981x2gri.pt,0
q4ed5yf8.pt,12
lnfm5b2c.pt,11
o8er11ay.pt,6
fohyik46.pt,0
h7crwlfb.pt,12
l0qkw9j0.pt,3
uzzq0c8p.pt,10
xqvbrair.pt,11
h4ka7j09.pt,0
amkvu1k2.pt,6
rvy38k7g.pt,14
ku7lyv1t.pt,7
eh844vgw.pt,11
hygqlxnl.pt,12
rntypalt.pt,4
ly0jg1mn.pt,14
phyub7qn.pt,13
xej6d3lt.pt,11
iee1462a.pt,6
iz85ac57.pt,11
87o0jw4l.pt,6
xmu0t763.pt,14
b8eez0ot.pt,11
oommv4zl.pt,0
36a2uq0v.pt,0
wky8rsoa.pt,11
n06kgo6t.pt,12
752kqpsv.pt,5
voner2ao.pt,1
0endpr3g.pt,7
ns5w5o26.pt,4
oopvn3b5.pt,4
q8nqtcb3.pt,14
t8ol6gob.pt,6
wsfbie6u.pt,6
zo1dm1iv.pt,0
l1kh0ksa.pt,5
m71p2z0h.pt,1
ewxfogqv.pt,12
v6e5q3rl.pt,6
sgrluweq.pt,7
knxva0hj.pt,7
zq9blkgp.pt,8
tjcfymrz.pt,13
cfo9hdg3.pt,0
bz2rtp6l.pt,0
6yjbp7ei.pt,4
kigiwlik.pt,6
3mkt2rs5.pt,12
nyr7xzv7.pt,0
1u5yjunh.pt,6
ljwrozzg.pt,6
qqew879g.pt,4
h6u5ukpx.pt,5
rr5xo1lt.pt,0
aqi68a18.pt,13
4emdi5tn.pt,1
od19ohru.pt,12
zyhps0sf.pt,11
s5rptazd.pt,12
msisloyp.pt,6
rikaq8ws.pt,1
3ekvv2pm.pt,12
swh5lc6r.pt,11
9a7rezm9.pt,1
q9yzp3kt.pt,1
k3cswb4c.pt,1
dz0m5g2x.pt,8
f7qty036.pt,7
1bb5wb96.pt,12
c0sku0pk.pt,6
rhfcpr2p.pt,7
hp602yu6.pt,12
kbd9auly.pt,6
v000uvxx.pt,11
1revpvr7.pt,8
krjdplvt.pt,1
dm3htllw.pt,4
xsm8jvnq.pt,2
agflq0b2.pt,7
x5mmpmxv.pt,13
vgrg0cod.pt,8
tlxzbihq.pt,6
2kjof9wt.pt,6
y162jqds.pt,4
euuwiaut.pt,6
0lprd7pt.pt,6
dxyspo7k.pt,13
whs0xgce.pt,8
10bfw20g.pt,4
k713a85i.pt,1
j7ed0e88.pt,1
uxgsme40.pt,5
cysy7uw3.pt,0
cqpzex7j.pt,7
gc5qm4b6.pt,3
8mwbdoka.pt,8
78wsjs2j.pt,13
gvg10shr.pt,6
f2zsyrx9.pt,12
j848j0bx.pt,5
p4ry8g4m.pt,4
3wqo5doz.pt,0
mp2uw00h.pt,13
v1hjpb2y.pt,0
b3r474oo.pt,12
nfpd5r17.pt,4
6hdn5ven.pt,6
jt9d8fyo.pt,5
kx8x0w8c.pt,12
lsr2xkt2.pt,6
9rwxgmpb.pt,9
sr6agpa1.pt,6
7ltgads7.pt,5
natuny54.pt,2
30kfesn1.pt,1
06tv8q6n.pt,1
q5nz7g9d.pt,10
mc585qj8.pt,13
fql7eno0.pt,5
70hbasqm.pt,13
2fox10ab.pt,12
k4idu7wv.pt,0
xb09o7ox.pt,2
1n02hcjq.pt,8
pf88585h.pt,0
977p9gii.pt,4
dztjh068.pt,12
w5dutppz.pt,6
1xypyyjv.pt,12
hfxmcbj6.pt,1
bisd3nhs.pt,0
x53kn5ht.pt,12
fk99bkcx.pt,4
o07jcwc3.pt,6
7k51upyk.pt,7
u7nglznd.pt,6
ta9tooo4.pt,11
o8jxovct.pt,14
bjb2ynnp.pt,5
o40gatdf.pt,6
c4ew6kt9.pt,12
d5qvlrdl.pt,0
txgtq9z2.pt,4
sketfmja.pt,7
h4dyxydn.pt,4
oa5j2qkl.pt,12
1vhq1frz.pt,14
9h07v0t5.pt,12
1rrngwk4.pt,6
d7hgh0fz.pt,7
huqjx79t.pt,8
a2djfx5y.pt,4
qdk30vzf.pt,12
hal2f4e0.pt,10
2ilyhwg4.pt,11
k66ruxvq.pt,8
l3waszpe.pt,6
5x4syhgg.pt,6
4mg0b1ic.pt,12
oqefq4u4.pt,9
xyms6gkl.pt,6
4tboxbz9.pt,9
0s6m8eat.pt,0
z684pqv5.pt,10
dfcesx3t.pt,8
jqp8bj3v.pt,13
kg2ywgej.pt,5
xsey1xfa.pt,4
6l08f9cu.pt,6
n44o5kny.pt,1
ni2rtssa.pt,13
gwv2q2g4.pt,4
57ovlub9.pt,14
xbed0h4s.pt,6
kyjesrfi.pt,0
99khs378.pt,1
m2liz5a9.pt,2
0pjzcrjg.pt,3
c6wrssr7.pt,12
f8tugj8u.pt,10
ii947zv3.pt,0
n27a4hrn.pt,5
ur0upg35.pt,6
5ongbp5r.pt,9
prtg1j30.pt,1
an5ttfq4.pt,12
wbufjxo3.pt,6
uk2u6qq0.pt,13
q6koklsj.pt,0
xqdcekxo.pt,12
ubzkwbz5.pt,9
0x1xic10.pt,1
3uf7zcyh.pt,12
su6z05mh.pt,12
6x7x2zhh.pt,2
4osmlc7x.pt,6
5bxt71tz.pt,0
a7ko14n9.pt,1
yh1etdac.pt,7
8u374lim.pt,2
0mmodqfh.pt,0
jb18iczx.pt,10
6u0aq7rt.pt,5
gdwvr8mg.pt,4
8hqc746b.pt,2
ml8mms5m.pt,1
u269pf6z.pt,0
k8e2ridi.pt,0
lzd0hlmt.pt,0
py5k5nyf.pt,11
o609re9q.pt,14
gvrgwe8y.pt,6
sup7ylcf.pt,10
rczpq9tq.pt,12
ucd7b55n.pt,12
mohn2fsf.pt,10
snbffvj7.pt,6
gsxb10i4.pt,1
x94po6fc.pt,6
fqrmizcr.pt,13
zbw31qim.pt,1
gmimtqdp.pt,6
wtbjvtjh.pt,6
0gdz0y9v.pt,10
7ya3lft0.pt,8
raja826x.pt,12
zhmikmnw.pt,6
wg8kg9ps.pt,14
isn7rnmk.pt,6
7hev89qz.pt,0
dg5vwzgo.pt,6
6gsppdd3.pt,12
egbcoe0x.pt,1
k6a3d10v.pt,4
lrmxtxwm.pt,14
tcfmtx5w.pt,13
4zrllpbi.pt,12
tv9kd45c.pt,6
1c16ennr.pt,12
8u7eq8tw.pt,12
gn5i2dva.pt,13
elnxukot.pt,0
up98pu4k.pt,5
sxk50jym.pt,5
y9rokh7g.pt,5
l11t9gdg.pt,9
rsov514q.pt,6
tkg37yiq.pt,4
5yxhs16a.pt,6
758lljzu.pt,6
7bk23u4g.pt,2
3xljtz1h.pt,2
4dyuswrk.pt,6
auphi5zp.pt,9
712nnfp9.pt,4
eh1nxazv.pt,6
8tjj4cfo.pt,5
u3cyy696.pt,1
wwbayogg.pt,14
2gdrnkms.pt,13
hkvy2cep.pt,4
mfxfewui.pt,6
igcb7m4g.pt,14
gdt6fjdk.pt,1
v8fbwm3p.pt,6
yqx54wc8.pt,8
sb06wzet.pt,12
n5fqt9ni.pt,4
ghlwg448.pt,11
undepnvv.pt,3
nvqhojmo.pt,11
qgiairl3.pt,12
v1491lgb.pt,1
jepot621.pt,12
g9agx3fz.pt,6
ov570526.pt,6
nbdsqs4s.pt,5
1fpvsfct.pt,7
oqe3q3tb.pt,5
h7uuyyih.pt,10
jwo7dt2a.pt,10
igk0vead.pt,0
73xfq4un.pt,13
qpedbgt7.pt,6
9fig0noy.pt,0
s00se681.pt,7
lp2dyos6.pt,7
06i3c3qg.pt,10
ldf0iotm.pt,6
ayntx7pc.pt,4
lz5zcxyv.pt,12
g75sv960.pt,12
1o2h03fb.pt,1
90ol9qut.pt,6
2tsi3yes.pt,1
sgmtogzb.pt,5
m5e38jyl.pt,6
24e5vaen.pt,13
2sknxrlw.pt,4
b87t4myt.pt,12
kbp1vdeb.pt,1
5vxzu7jp.pt,7
8289l5w0.pt,9
hwoawog6.pt,11
h3qikyq7.pt,12
57u4edy5.pt,11
zxt035fu.pt,12
f82bw6ka.pt,10
hgmwfeg5.pt,12
ldgy1bco.pt,7
0p59eqph.pt,11
6city7m7.pt,12
07hv702k.pt,1
1cph9i3e.pt,1
wm2o9v75.pt,1
7rq2zlra.pt,11
32wou8bt.pt,12
l2edpsjs.pt,2
vno4s22o.pt,7
bsosph8f.pt,13
7mexk8b7.pt,5
bn4ovsgc.pt,12
mg7xqhqk.pt,9
3e7yvl86.pt,0
ehvxabzy.pt,0
5vziki6v.pt,1
cn3intgx.pt,0
wrljxyz1.pt,12
ncgzxlll.pt,7
3xzxfjwv.pt,9
40vweh3w.pt,4
fr875zmv.pt,12
xv8ocoe0.pt,12
b75vs7tx.pt,6
rk9n2v5d.pt,1
k6zqqyme.pt,6
f2vihnee.pt,6
8ep3fcm0.pt,4
tuszg4m5.pt,5
notjl88c.pt,6
wpdzo8am.pt,12
5io2qq4x.pt,10
3cpc38lj.pt,1
93offqyg.pt,10
jgl88o4v.pt,1
nn4dpple.pt,6
fsrh7yq0.pt,1
fp7r8yco.pt,7
pvcr150e.pt,0
tjldbfvu.pt,13
1m0escq4.pt,0
i58kxzsy.pt,6
qj6lqp2e.pt,1
ii8ukfyf.pt,13
bfhtvga7.pt,2
167j0ycq.pt,14
ydp3z6oi.pt,5
eimqykxr.pt,8
iods6b1k.pt,1
47bv4w1u.pt,0
c5uc9euy.pt,1
rhavxe0d.pt,1
8tar2cjd.pt,11
zk9rp4b0.pt,11
j0orndg0.pt,0
135dlzqv.pt,13
rasns5dz.pt,13
xccf9ok7.pt,0
3qc2bg4j.pt,14
56tem0kb.pt,5
qfhquczn.pt,2
xv6uwfrz.pt,7
e82rrg7v.pt,6
7nj6wmya.pt,0
zvhmdpg6.pt,11
w0amwuu6.pt,11
jbwq78as.pt,4
ls6kwdu1.pt,4
egjfzl43.pt,2
5cdp3ut3.pt,9
7wayl41d.pt,8
